ticker,sector,date,price,YTD,fifty,twoh
MGLU3,ecommerce,1/2/2019,22.783854, -   ,,
MGLU3,ecommerce,1/3/2019,22.540028,-0.011,,
MGLU3,ecommerce,1/4/2019,21.854027,-0.041,,
MGLU3,ecommerce,1/7/2019,22.193306,-0.026,,
MGLU3,ecommerce,1/8/2019,22.014553,-0.034,,
MGLU3,ecommerce,1/9/2019,21.941051,-0.037,,
MGLU3,ecommerce,1/10/2019,22.154203,-0.028,,
MGLU3,ecommerce,1/11/2019,21.756029,-0.045,,
MGLU3,ecommerce,1/14/2019,21.927528,-0.038,,
MGLU3,ecommerce,1/15/2019,21.678902,-0.048,,
MGLU3,ecommerce,1/16/2019,21.437529,-0.059,,
MGLU3,ecommerce,1/17/2019,21.373827,-0.062,,
MGLU3,ecommerce,1/18/2019,21.339527,-0.063,,
MGLU3,ecommerce,1/21/2019,20.457525,-0.102,,
MGLU3,ecommerce,1/22/2019,19.8512,-0.129,,
MGLU3,ecommerce,1/23/2019,20.776028,-0.088,,
MGLU3,ecommerce,1/24/2019,20.516325,-0.1,,
MGLU3,ecommerce,1/28/2019,20.504076,-0.1,,
MGLU3,ecommerce,1/29/2019,21.817278,-0.042,,
MGLU3,ecommerce,1/30/2019,21.578354,-0.053,,
MGLU3,ecommerce,1/31/2019,21.936153,-0.037,,
MGLU3,ecommerce,2/1/2019,21.903028,-0.039,,
MGLU3,ecommerce,2/4/2019,21.691153,-0.048,,
MGLU3,ecommerce,2/5/2019,21.498777,-0.056,,
MGLU3,ecommerce,2/6/2019,20.788275,-0.088,,
MGLU3,ecommerce,2/7/2019,20.433027,-0.103,,
MGLU3,ecommerce,2/8/2019,20.825026,-0.086,,
MGLU3,ecommerce,2/11/2019,20.252998,-0.111,,
MGLU3,ecommerce,2/12/2019,20.188026,-0.114,,
MGLU3,ecommerce,2/13/2019,19.759275,-0.133,,
MGLU3,ecommerce,2/14/2019,20.909599,-0.082,,
MGLU3,ecommerce,2/15/2019,20.086399,-0.118,,
MGLU3,ecommerce,2/18/2019,20.646175,-0.094,,
MGLU3,ecommerce,2/19/2019,20.783377,-0.088,,
MGLU3,ecommerce,2/20/2019,19.906275,-0.126,,
MGLU3,ecommerce,2/21/2019,19.734776,-0.134,,
MGLU3,ecommerce,2/22/2019,21.792778,-0.043,,
MGLU3,ecommerce,2/25/2019,21.278276,-0.066,,
MGLU3,ecommerce,2/26/2019,21.866278,-0.04,,
MGLU3,ecommerce,2/27/2019,21.560026,-0.054,,
MGLU3,ecommerce,2/28/2019,21.248878,-0.067,,
MGLU3,ecommerce,3/1/2019,21.464478,-0.058,,
MGLU3,ecommerce,3/6/2019,21.022301,-0.077,,
MGLU3,ecommerce,3/7/2019,21.700853,-0.048,,
MGLU3,ecommerce,3/8/2019,22.15048,-0.028,,
MGLU3,ecommerce,3/11/2019,22.364902,-0.018,,
MGLU3,ecommerce,3/12/2019,21.909203,-0.038,,
MGLU3,ecommerce,3/13/2019,21.716827,-0.047,,
MGLU3,ecommerce,3/14/2019,21.621279,-0.051,,
MGLU3,ecommerce,3/15/2019,21.705851,-0.047,21.30479798,
MGLU3,ecommerce,3/18/2019,22.101479,-0.03,21.29115048,
MGLU3,ecommerce,3/19/2019,22.135778,-0.028,21.28306548,
MGLU3,ecommerce,3/20/2019,22.249754,-0.023,21.29098002,
MGLU3,ecommerce,3/21/2019,22.325603,-0.02,21.29362596,
MGLU3,ecommerce,3/22/2019,21.229277,-0.068,21.27792044,
MGLU3,ecommerce,3/25/2019,21.206051,-0.069,21.26322044,
MGLU3,ecommerce,3/26/2019,21.632254,-0.051,21.25278146,
MGLU3,ecommerce,3/27/2019,20.580027,-0.097,21.22926142,
MGLU3,ecommerce,3/28/2019,20.921753,-0.082,21.20914592,
MGLU3,ecommerce,3/29/2019,21.174202,-0.071,21.19905192,
MGLU3,ecommerce,4/1/2019,20.983002,-0.079,21.18996138,
MGLU3,ecommerce,4/2/2019,20.353352,-0.107,21.16955188,
MGLU3,ecommerce,4/3/2019,20.711151,-0.091,21.15698436,
MGLU3,ecommerce,4/4/2019,20.702526,-0.091,21.16188438,
MGLU3,ecommerce,4/5/2019,20.823851,-0.086,21.1813374,
MGLU3,ecommerce,4/8/2019,20.425676,-0.104,21.17433036,
MGLU3,ecommerce,4/9/2019,20.372952,-0.106,21.1714629,
MGLU3,ecommerce,4/10/2019,20.665777,-0.093,21.17469692,
MGLU3,ecommerce,4/11/2019,20.335026,-0.107,21.14505188,
MGLU3,ecommerce,4/12/2019,20.19175,-0.114,21.1173198,
MGLU3,ecommerce,4/15/2019,20.028776,-0.121,21.07917226,
MGLU3,ecommerce,4/16/2019,20.298515,-0.109,21.047082,
MGLU3,ecommerce,4/17/2019,19.939207,-0.125,21.01204308,
MGLU3,ecommerce,4/18/2019,21.309076,-0.065,21.00824906,
MGLU3,ecommerce,4/22/2019,20.859938,-0.084,21.00968232,
MGLU3,ecommerce,4/23/2019,21.334028,-0.064,21.02770234,
MGLU3,ecommerce,4/24/2019,21.516178,-0.056,21.04152538,
MGLU3,ecommerce,4/25/2019,21.833069,-0.042,21.0731268,
MGLU3,ecommerce,4/26/2019,22.325823,-0.02,21.11588274,
MGLU3,ecommerce,4/29/2019,22.270927,-0.023,21.16611578,
MGLU3,ecommerce,4/30/2019,23.861673,0.047,21.22515726,
MGLU3,ecommerce,5/2/2019,23.796799,0.044,21.29936526,
MGLU3,ecommerce,5/3/2019,24.484179,0.075,21.37612534,
MGLU3,ecommerce,5/6/2019,24.978329,0.096,21.46002438,
MGLU3,ecommerce,5/7/2019,23.97266,0.052,21.54135208,
MGLU3,ecommerce,5/8/2019,24.141136,0.06,21.62947928,
MGLU3,ecommerce,5/9/2019,23.192957,0.018,21.65748286,
MGLU3,ecommerce,5/10/2019,23.267815,0.021,21.69727364,
MGLU3,ecommerce,5/13/2019,22.459368,-0.014,21.70913544,
MGLU3,ecommerce,5/14/2019,22.238491,-0.024,21.72270474,
MGLU3,ecommerce,5/15/2019,21.583549,-0.053,21.72939816,
MGLU3,ecommerce,5/16/2019,20.834986,-0.086,21.71680832,
MGLU3,ecommerce,5/17/2019,21.062052,-0.076,21.71760334,
MGLU3,ecommerce,5/20/2019,21.583549,-0.053,21.71525726,
MGLU3,ecommerce,5/21/2019,22.383312,-0.018,21.7199139,
MGLU3,ecommerce,5/22/2019,22.488012,-0.013,21.7223761,
MGLU3,ecommerce,5/23/2019,22.512964,-0.012,21.73445132,
MGLU3,ecommerce,5/24/2019,22.063927,-0.032,21.74139332,
MGLU3,ecommerce,5/27/2019,22.20735,-0.025,21.75311474,
MGLU3,ecommerce,5/28/2019,23.579716,0.035,21.79059204,
MGLU3,ecommerce,5/29/2019,23.613451,0.036,21.82083148,
MGLU3,ecommerce,5/30/2019,24.064983,0.056,21.85941558,
MGLU3,ecommerce,5/31/2019,24.453037,0.073,21.90348124,
MGLU3,ecommerce,6/3/2019,24.295841,0.066,21.942886,
MGLU3,ecommerce,6/4/2019,24.268393,0.065,22.00366832,
MGLU3,ecommerce,6/5/2019,23.852989,0.047,22.05660708,
MGLU3,ecommerce,6/6/2019,23.705673,0.04,22.09807546,
MGLU3,ecommerce,6/7/2019,24.758652,0.087,22.18164796,
MGLU3,ecommerce,6/10/2019,25.263981,0.109,22.26849252,
MGLU3,ecommerce,6/11/2019,25.849157,0.135,22.36199162,
MGLU3,ecommerce,6/12/2019,25.341331,0.112,22.4491582,
MGLU3,ecommerce,6/13/2019,26.151077,0.148,22.5651127,
MGLU3,ecommerce,6/14/2019,26.395607,0.159,22.67880182,
MGLU3,ecommerce,6/17/2019,25.887783,0.136,22.78250696,
MGLU3,ecommerce,6/18/2019,25.962639,0.14,22.88528272,
MGLU3,ecommerce,6/19/2019,26.199684,0.15,23.00076288,
MGLU3,ecommerce,6/21/2019,26.530249,0.164,23.12390882,
MGLU3,ecommerce,6/24/2019,26.197187,0.15,23.23453702,
MGLU3,ecommerce,6/25/2019,25.764219,0.131,23.34312088,
MGLU3,ecommerce,6/26/2019,26.006254,0.141,23.45941096,
MGLU3,ecommerce,6/27/2019,26.031206,0.143,23.57945956,
MGLU3,ecommerce,6/28/2019,26.339415,0.156,23.70027756,
MGLU3,ecommerce,7/1/2019,26.224634,0.151,23.8259861,
MGLU3,ecommerce,7/2/2019,26.506596,0.163,23.9299365,
MGLU3,ecommerce,7/3/2019,27.553385,0.209,24.06380544,
MGLU3,ecommerce,7/4/2019,27.584524,0.211,24.18881536,
MGLU3,ecommerce,7/5/2019,28.205832,0.238,24.32260844,
MGLU3,ecommerce,7/8/2019,28.620035,0.256,24.45834776,
MGLU3,ecommerce,7/10/2019,29.131552,0.279,24.59446234,
MGLU3,ecommerce,7/11/2019,28.791006,0.264,24.72486392,
MGLU3,ecommerce,7/12/2019,28.950701,0.271,24.82664448,
MGLU3,ecommerce,7/15/2019,28.775936,0.263,24.92622722,
MGLU3,ecommerce,7/16/2019,29.193933,0.281,25.0204223,
MGLU3,ecommerce,7/17/2019,30.490145,0.338,25.13065862,
MGLU3,ecommerce,7/18/2019,30.815819,0.353,25.2675218,
MGLU3,ecommerce,7/19/2019,29.699263,0.304,25.37868434,
MGLU3,ecommerce,7/22/2019,30.859535,0.354,25.5320159,
MGLU3,ecommerce,7/23/2019,30.192017,0.325,25.67049994,
MGLU3,ecommerce,7/24/2019,30.667303,0.346,25.83465864,
MGLU3,ecommerce,7/25/2019,30.501421,0.339,25.99991724,
MGLU3,ecommerce,7/26/2019,31.439619,0.38,26.19703864,
MGLU3,ecommerce,7/29/2019,32.911793,0.445,26.43857478,
MGLU3,ecommerce,7/30/2019,33.00531,0.449,26.67743994,
MGLU3,ecommerce,7/31/2019,32.901814,0.444,26.90380524,
MGLU3,ecommerce,8/1/2019,34.49625,0.514,27.146064,
MGLU3,ecommerce,8/2/2019,35.375759,0.553,27.40381894,
MGLU3,ecommerce,8/5/2019,34.433868,0.511,27.64223702,
MGLU3,ecommerce,8/6/2019,36.529842,0.603,27.93155532,
MGLU3,ecommerce,8/7/2019,36.240402,0.591,28.21221636,
MGLU3,ecommerce,8/8/2019,37.06881,0.627,28.48199824,
MGLU3,ecommerce,8/9/2019,37.707581,0.655,28.76388084,
MGLU3,ecommerce,8/12/2019,36.350189,0.595,29.00958496,
MGLU3,ecommerce,8/13/2019,37.777447,0.658,29.27607316,
MGLU3,ecommerce,8/14/2019,36.879173,0.619,29.5277398,
MGLU3,ecommerce,8/15/2019,36.240402,0.591,29.76717998,
MGLU3,ecommerce,8/16/2019,37.488007,0.645,30.03988034,
MGLU3,ecommerce,8/19/2019,37.757488,0.657,30.32091664,
MGLU3,ecommerce,8/20/2019,36.459976,0.6,30.55494312,
MGLU3,ecommerce,8/21/2019,36.469959,0.601,30.77906268,
MGLU3,ecommerce,8/22/2019,34.364002,0.508,30.94935958,
MGLU3,ecommerce,8/23/2019,33.715248,0.48,31.11683792,
MGLU3,ecommerce,8/26/2019,33.635403,0.476,31.26652444,
MGLU3,ecommerce,8/27/2019,34.144424,0.499,31.42150078,
MGLU3,ecommerce,8/28/2019,34.843082,0.529,31.60060676,
MGLU3,ecommerce,8/29/2019,37.188576,0.632,31.8251255,
MGLU3,ecommerce,8/30/2019,36.22044,0.59,32.02554062,
MGLU3,ecommerce,9/2/2019,36.539825,0.604,32.22573214,
MGLU3,ecommerce,9/3/2019,35.811226,0.572,32.41801292,
MGLU3,ecommerce,9/4/2019,37.128696,0.63,32.64530246,
MGLU3,ecommerce,9/5/2019,36.629654,0.608,32.85777046,
MGLU3,ecommerce,9/6/2019,35.930996,0.577,33.05576626,
MGLU3,ecommerce,9/9/2019,34.134445,0.498,33.21166686,
MGLU3,ecommerce,9/10/2019,32.437702,0.424,33.33592822,
MGLU3,ecommerce,9/11/2019,34.533676,0.516,33.49646982,
MGLU3,ecommerce,9/12/2019,34.932911,0.533,33.64406034,
MGLU3,ecommerce,9/13/2019,34.034634,0.494,33.77306254,
MGLU3,ecommerce,9/16/2019,34.803158,0.528,33.90500906,
MGLU3,ecommerce,9/17/2019,34.783195,0.527,34.02827226,
MGLU3,ecommerce,9/18/2019,34.992798,0.536,34.14549718,
MGLU3,ecommerce,9/19/2019,35.74136,0.569,34.28450426,
MGLU3,ecommerce,9/20/2019,36.489922,0.602,34.43528868,
MGLU3,ecommerce,9/23/2019,35.921017,0.577,34.5781903,
MGLU3,ecommerce,9/24/2019,36.69952,0.611,34.72830204,
MGLU3,ecommerce,9/25/2019,36.649616,0.609,34.85149146,
MGLU3,ecommerce,9/26/2019,36.499901,0.602,34.9651731,
MGLU3,ecommerce,9/27/2019,36.729462,0.612,35.10577708,
MGLU3,ecommerce,9/30/2019,36.969002,0.623,35.22796642,
MGLU3,ecommerce,10/1/2019,37.378216,0.641,35.3716904,
MGLU3,ecommerce,10/2/2019,36.430035,0.599,35.48694504,
MGLU3,ecommerce,10/3/2019,37.2285,0.634,35.62148662,
MGLU3,ecommerce,10/4/2019,38.705666,0.699,35.76680756,
MGLU3,ecommerce,10/7/2019,38.326397,0.682,35.87509964,
MGLU3,ecommerce,10/8/2019,38,0.668,35.97499344,
MGLU3,ecommerce,10/9/2019,39.650002,0.74,36.1099572,
MGLU3,ecommerce,10/10/2019,38.939999,0.709,36.19883218,
MGLU3,ecommerce,10/11/2019,40.5,0.778,36.301317,
MGLU3,ecommerce,10/14/2019,42.169998,0.851,36.4560396,
MGLU3,ecommerce,10/15/2019,41.799999,0.835,36.56144274,
MGLU3,ecommerce,10/16/2019,42.759998,0.877,36.69183466,
MGLU3,ecommerce,10/17/2019,43.169998,0.895,36.81385842,27.09781167
MGLU3,ecommerce,10/18/2019,43,0.887,36.9197068,27.1988924
MGLU3,ecommerce,10/21/2019,43.099998,0.892,37.05470298,27.30169225
MGLU3,ecommerce,10/22/2019,43.720001,0.919,37.17355406,27.41102212
MGLU3,ecommerce,10/23/2019,43.490002,0.909,37.30577064,27.5175056
MGLU3,ecommerce,10/24/2019,43.25,0.898,37.4459626,27.62368284
MGLU3,ecommerce,10/25/2019,42,0.843,37.53620246,27.72397758
MGLU3,ecommerce,10/28/2019,42.669998,0.873,37.63445266,27.82655656
MGLU3,ecommerce,10/29/2019,41.150002,0.806,37.72825318,27.92352642
ITUB4,bank,1/2/2019,35.88348, -   ,,
ITUB4,bank,1/3/2019,36.475086,0.016,,
ITUB4,bank,1/4/2019,35.864094,-0.001,,
ITUB4,bank,1/7/2019,35.931976,0.001,,
ITUB4,bank,1/8/2019,36.387798,0.014,,
ITUB4,bank,1/9/2019,36.940598,0.029,,
ITUB4,bank,1/10/2019,36.688446,0.022,,
ITUB4,bank,1/11/2019,36.465382,0.016,,
ITUB4,bank,1/14/2019,36.736931,0.024,,
ITUB4,bank,1/15/2019,36.164742,0.008,,
ITUB4,bank,1/16/2019,36.058056,0.005,,
ITUB4,bank,1/17/2019,36.058056,0.005,,
ITUB4,bank,1/18/2019,36.523563,0.018,,
ITUB4,bank,1/21/2019,36.222927,0.009,,
ITUB4,bank,1/22/2019,36.164742,0.008,,
ITUB4,bank,1/23/2019,36.407196,0.015,,
ITUB4,bank,1/24/2019,36.3587,0.013,,
ITUB4,bank,1/28/2019,37.00848,0.031,,
ITUB4,bank,1/29/2019,36.736931,0.024,,
ITUB4,bank,1/30/2019,36.969685,0.03,,
ITUB4,bank,1/31/2019,37.609772,0.048,,
ITUB4,bank,2/1/2019,37.653435,0.049,,
ITUB4,bank,2/4/2019,38.507206,0.073,,
ITUB4,bank,2/5/2019,36.867565,0.027,,
ITUB4,bank,2/6/2019,35.31525,-0.016,,
ITUB4,bank,2/7/2019,35.441376,-0.012,,
ITUB4,bank,2/8/2019,36.198132,0.009,,
ITUB4,bank,2/11/2019,35.790642,-0.003,,
ITUB4,bank,2/12/2019,36.644428,0.021,,
ITUB4,bank,2/13/2019,35.810055,-0.002,,
ITUB4,bank,2/14/2019,36.760845,0.024,,
ITUB4,bank,2/15/2019,36.382469,0.014,,
ITUB4,bank,2/18/2019,35.80035,-0.002,,
ITUB4,bank,2/19/2019,36.625019,0.021,,
ITUB4,bank,2/20/2019,36.159325,0.008,,
ITUB4,bank,2/21/2019,36.819057,0.026,,
ITUB4,bank,2/22/2019,36.283997,0.011,,
ITUB4,bank,2/25/2019,35.729748,-0.004,,
ITUB4,bank,2/26/2019,35.85841,-0.001,,
ITUB4,bank,2/27/2019,35.541695,-0.01,,
ITUB4,bank,2/28/2019,34.868664,-0.028,,
ITUB4,bank,3/1/2019,34.497353,-0.039,,
ITUB4,bank,3/6/2019,34.507256,-0.038,,
ITUB4,bank,3/7/2019,34.982544,-0.025,,
ITUB4,bank,3/8/2019,35.398403,-0.014,,
ITUB4,bank,3/11/2019,36.5569,0.019,,
ITUB4,bank,3/12/2019,36.636112,0.021,,
ITUB4,bank,3/13/2019,37.032177,0.032,,
ITUB4,bank,3/14/2019,36.447975,0.016,,
ITUB4,bank,3/15/2019,36.438072,0.015,36.26422202,
ITUB4,bank,3/18/2019,36.49749,0.017,36.27650222,
ITUB4,bank,3/19/2019,35.645947,-0.007,36.25991944,
ITUB4,bank,3/20/2019,34.84391,-0.029,36.23951576,
ITUB4,bank,3/21/2019,34.230011,-0.046,36.20547646,
ITUB4,bank,3/22/2019,33.220043,-0.074,36.14212136,
ITUB4,bank,3/25/2019,33.26955,-0.073,36.0687004,
ITUB4,bank,3/26/2019,33.616116,-0.063,36.0072538,
ITUB4,bank,3/27/2019,32.477421,-0.095,35.92749458,
ITUB4,bank,3/28/2019,33.764633,-0.059,35.86804862,
ITUB4,bank,3/29/2019,34.091393,-0.05,35.82658164,
ITUB4,bank,4/1/2019,33.838787,-0.057,35.78219626,
ITUB4,bank,4/2/2019,33.303867,-0.072,35.72711248,
ITUB4,bank,4/3/2019,33.006683,-0.08,35.65677488,
ITUB4,bank,4/4/2019,33.501984,-0.066,35.60235602,
ITUB4,bank,4/5/2019,34.225124,-0.046,35.56356366,
ITUB4,bank,4/8/2019,34.017094,-0.052,35.51576162,
ITUB4,bank,4/9/2019,33.82888,-0.057,35.46516522,
ITUB4,bank,4/10/2019,33.769444,-0.059,35.4003845,
ITUB4,bank,4/11/2019,32.986877,-0.081,35.32538342,
ITUB4,bank,4/12/2019,32.640167,-0.09,35.23879306,
ITUB4,bank,4/15/2019,32.620358,-0.091,35.13900478,
ITUB4,bank,4/16/2019,32.590633,-0.092,35.03774874,
ITUB4,bank,4/17/2019,32.085434,-0.106,34.9093133,
ITUB4,bank,4/18/2019,32.521294,-0.094,34.82238788,
ITUB4,bank,4/22/2019,32.432137,-0.096,34.76472562,
ITUB4,bank,4/23/2019,32.848186,-0.085,34.71286182,
ITUB4,bank,4/24/2019,32.89772,-0.083,34.64685358,
ITUB4,bank,4/25/2019,33.402924,-0.069,34.59909922,
ITUB4,bank,4/26/2019,33.48217,-0.067,34.53585406,
ITUB4,bank,4/29/2019,33.214706,-0.074,34.48394708,
ITUB4,bank,4/30/2019,33.51189,-0.066,34.41896798,
ITUB4,bank,5/2/2019,33.734879,-0.06,34.36601618,
ITUB4,bank,5/3/2019,33.407829,-0.069,34.31816576,
ITUB4,bank,5/6/2019,32.674469,-0.089,34.23915476,
ITUB4,bank,5/7/2019,32.307777,-0.1,34.1621238,
ITUB4,bank,5/8/2019,32.674469,-0.089,34.07923204,
ITUB4,bank,5/9/2019,32.268143,-0.101,33.99891496,
ITUB4,bank,5/10/2019,32.119484,-0.105,33.92670968,
ITUB4,bank,5/13/2019,31.614056,-0.119,33.8418226,
ITUB4,bank,5/14/2019,31.465399,-0.123,33.76029668,
ITUB4,bank,5/15/2019,31.564505,-0.12,33.6942135,
ITUB4,bank,5/16/2019,31.158178,-0.132,33.62743,
ITUB4,bank,5/17/2019,31.217642,-0.13,33.56163772,
ITUB4,bank,5/20/2019,32.030289,-0.107,33.50259262,
ITUB4,bank,5/21/2019,33.269081,-0.073,33.46000618,
ITUB4,bank,5/22/2019,33.298817,-0.072,33.39484452,
ITUB4,bank,5/23/2019,33.229443,-0.074,33.32671114,
ITUB4,bank,5/24/2019,32.733921,-0.088,33.24074602,
ITUB4,bank,5/27/2019,32.852852,-0.084,33.16884356,
ITUB4,bank,5/28/2019,33.774513,-0.059,33.11557238,
ITUB4,bank,5/29/2019,34.408779,-0.041,33.07379816,
ITUB4,bank,5/30/2019,34.765553,-0.031,33.05619028,
ITUB4,bank,5/31/2019,34.686272,-0.033,33.05303752,
ITUB4,bank,6/3/2019,34.780457,-0.031,33.06404644,
ITUB4,bank,6/4/2019,34.72097,-0.032,33.09406498,
ITUB4,bank,6/5/2019,34.046772,-0.051,33.10960942,
ITUB4,bank,6/6/2019,34.403702,-0.041,33.12536114,
ITUB4,bank,6/7/2019,34.770538,-0.031,33.17122348,
ITUB4,bank,6/10/2019,34.334301,-0.043,33.18261684,
ITUB4,bank,6/11/2019,34.502842,-0.038,33.19084582,
ITUB4,bank,6/12/2019,34.30455,-0.044,33.20016108,
ITUB4,bank,6/13/2019,33.68985,-0.061,33.20788074,
ITUB4,bank,6/14/2019,33.699768,-0.061,33.22174244,
ITUB4,bank,6/17/2019,33.660107,-0.062,33.2249049,
ITUB4,bank,6/18/2019,34.532593,-0.038,33.23105428,
ITUB4,bank,6/19/2019,35.077896,-0.022,33.25227032,
ITUB4,bank,6/21/2019,35.871063,0,33.29311398,
ITUB4,bank,6/24/2019,35.791744,-0.003,33.33355998,
ITUB4,bank,6/25/2019,35.345592,-0.015,33.38073428,
ITUB4,bank,6/26/2019,36.188332,0.008,33.45169758,
ITUB4,bank,6/27/2019,35.94046,0.002,33.51809962,
ITUB4,bank,6/28/2019,35.950375,0.002,33.58529446,
ITUB4,bank,7/1/2019,35.78672,-0.003,33.65932018,
ITUB4,bank,7/2/2019,35.65778,-0.006,33.7220499,
ITUB4,bank,7/3/2019,36.272736,0.011,33.79886188,
ITUB4,bank,7/4/2019,36.689323,0.022,33.87568462,
ITUB4,bank,7/5/2019,37.095989,0.034,33.95965,
ITUB4,bank,7/8/2019,36.996799,0.031,34.0315275,
ITUB4,bank,7/10/2019,36.897614,0.028,34.09983638,
ITUB4,bank,7/11/2019,36.848022,0.027,34.1725027,
ITUB4,bank,7/12/2019,36.163631,0.008,34.22553752,
ITUB4,bank,7/15/2019,36.064442,0.005,34.27212878,
ITUB4,bank,7/16/2019,36.203304,0.009,34.32803828,
ITUB4,bank,7/17/2019,36.104126,0.006,34.39663142,
ITUB4,bank,7/18/2019,37.066235,0.033,34.49180058,
ITUB4,bank,7/19/2019,36.104126,0.006,34.56039372,
ITUB4,bank,7/22/2019,36.719082,0.023,34.6494125,
ITUB4,bank,7/23/2019,37.076153,0.033,34.74854588,
ITUB4,bank,7/24/2019,37.046398,0.032,34.85719272,
ITUB4,bank,7/25/2019,35.905746,0.001,34.94599966,
ITUB4,bank,7/26/2019,36.550457,0.019,35.0457187,
ITUB4,bank,7/29/2019,36.699242,0.023,35.15653998,
ITUB4,bank,7/30/2019,35.47924,-0.011,35.24177194,
ITUB4,bank,7/31/2019,34.536964,-0.038,35.29190544,
ITUB4,bank,8/1/2019,34.611385,-0.035,35.31875152,
ITUB4,bank,8/2/2019,34.660999,-0.034,35.34599516,
ITUB4,bank,8/5/2019,34.184696,-0.047,35.36510022,
ITUB4,bank,8/6/2019,35.216686,-0.019,35.41475552,
ITUB4,bank,8/7/2019,36.516594,0.018,35.48803036,
ITUB4,bank,8/8/2019,36.715057,0.023,35.54684124,
ITUB4,bank,8/9/2019,36.437214,0.015,35.58740994,
ITUB4,bank,8/12/2019,34.928921,-0.027,35.5906773,
ITUB4,bank,8/13/2019,35.613605,-0.008,35.60922396,
ITUB4,bank,8/14/2019,34.829689,-0.029,35.6102086,
ITUB4,bank,8/15/2019,34.730461,-0.032,35.61039842,
ITUB4,bank,8/16/2019,34.320114,-0.044,35.61586526,
ITUB4,bank,8/19/2019,34.17025,-0.048,35.61119622,
ITUB4,bank,8/20/2019,33.790577,-0.058,35.591597,
ITUB4,bank,8/21/2019,34.050354,-0.051,35.58591806,
ITUB4,bank,8/22/2019,33.510822,-0.066,35.56607766,
ITUB4,bank,8/23/2019,33.121162,-0.077,35.5424099,
ITUB4,bank,8/26/2019,33.111168,-0.077,35.53083626,
ITUB4,bank,8/27/2019,33.500828,-0.066,35.52685746,
ITUB4,bank,8/28/2019,33.880497,-0.056,35.53126526,
ITUB4,bank,8/29/2019,34.060341,-0.051,35.52182022,
ITUB4,bank,8/30/2019,33.910473,-0.055,35.49847176,
ITUB4,bank,9/2/2019,33.485657,-0.067,35.45076364,
ITUB4,bank,9/3/2019,32.845928,-0.085,35.39184732,
ITUB4,bank,9/4/2019,33.075832,-0.078,35.34645212,
ITUB4,bank,9/5/2019,34.015427,-0.052,35.30299402,
ITUB4,bank,9/6/2019,35.154938,-0.02,35.28728358,
ITUB4,bank,9/9/2019,36.014572,0.004,35.28856752,
ITUB4,bank,9/10/2019,35.314873,-0.016,35.27913058,
ITUB4,bank,9/11/2019,35.154938,-0.02,35.26907374,
ITUB4,bank,9/12/2019,35.374844,-0.014,35.2511159,
ITUB4,bank,9/13/2019,35.854641,-0.001,35.23442226,
ITUB4,bank,9/16/2019,35.214912,-0.019,35.19680072,
ITUB4,bank,9/17/2019,35.34486,-0.015,35.16376194,
ITUB4,bank,9/18/2019,35.234905,-0.018,35.13050776,
ITUB4,bank,9/19/2019,34.645157,-0.035,35.08645046,
ITUB4,bank,9/20/2019,34.735119,-0.032,35.05788022,
ITUB4,bank,9/23/2019,34.625168,-0.035,35.02909474,
ITUB4,bank,9/24/2019,34.26532,-0.045,34.99033506,
ITUB4,bank,9/25/2019,34.66515,-0.034,34.96155554,
ITUB4,bank,9/26/2019,35.664722,-0.006,34.93352528,
ITUB4,bank,9/27/2019,35.514786,-0.01,34.92173848,
ITUB4,bank,9/30/2019,35.014999,-0.024,34.88765682,
ITUB4,bank,10/1/2019,34.220001,-0.046,34.83053378,
ITUB4,bank,10/2/2019,33.279999,-0.073,34.7552058,
ITUB4,bank,10/3/2019,33.290001,-0.072,34.7028909,
ITUB4,bank,10/4/2019,33.450001,-0.068,34.64088178,
ITUB4,bank,10/7/2019,32.830002,-0.085,34.56349698,
ITUB4,bank,10/8/2019,32.689999,-0.089,34.50771216,
ITUB4,bank,10/9/2019,33.209999,-0.075,34.48117286,
ITUB4,bank,10/10/2019,33.450001,-0.068,34.45794518,
ITUB4,bank,10/11/2019,33.880001,-0.056,34.44232522,
ITUB4,bank,10/14/2019,34.450001,-0.04,34.44763132,
ITUB4,bank,10/15/2019,34.369999,-0.042,34.43069758,
ITUB4,bank,10/16/2019,34.860001,-0.029,34.39756572,
ITUB4,bank,10/17/2019,34.650002,-0.034,34.35626462,34.82072507
ITUB4,bank,10/18/2019,34.240002,-0.046,34.31232038,34.81250768
ITUB4,bank,10/21/2019,34.799999,-0.03,34.30974194,34.80413224
ITUB4,bank,10/22/2019,35.880001,0,34.31506986,34.80421178
ITUB4,bank,10/23/2019,36.389999,0.014,34.34627606,34.80650189
ITUB4,bank,10/24/2019,36.560001,0.019,34.38286686,34.80736291
ITUB4,bank,10/25/2019,36.799999,0.026,34.43246456,34.80665991
ITUB4,bank,10/28/2019,37.299999,0.039,34.49505954,34.80971768
ITUB4,bank,10/29/2019,36.639999,0.021,34.55204798,34.81059076
BBDC4,bank,1/2/2019,33.308979, -   ,,
BBDC4,bank,1/3/2019,33.649574,0.01,,
BBDC4,bank,1/4/2019,33.385593,0.002,,
BBDC4,bank,1/7/2019,33.781666,0.014,,
BBDC4,bank,1/8/2019,33.987919,0.02,,
BBDC4,bank,1/9/2019,34.573807,0.038,,
BBDC4,bank,1/10/2019,34.466473,0.035,,
BBDC4,bank,1/11/2019,34.243687,0.028,,
BBDC4,bank,1/14/2019,34.648071,0.04,,
BBDC4,bank,1/15/2019,34.582027,0.038,,
BBDC4,bank,1/16/2019,34.747093,0.043,,
BBDC4,bank,1/17/2019,34.862537,0.047,,
BBDC4,bank,1/18/2019,35.217422,0.057,,
BBDC4,bank,1/21/2019,34.813034,0.045,,
BBDC4,bank,1/22/2019,34.656296,0.04,,
BBDC4,bank,1/23/2019,35.250397,0.058,,
BBDC4,bank,1/24/2019,35.605183,0.069,,
BBDC4,bank,1/28/2019,35.894012,0.078,,
BBDC4,bank,1/29/2019,35.431892,0.064,,
BBDC4,bank,1/30/2019,35.349419,0.061,,
BBDC4,bank,1/31/2019,37.34631,0.121,,
BBDC4,bank,2/1/2019,36.884197,0.107,,
BBDC4,bank,2/4/2019,37.703758,0.132,,
BBDC4,bank,2/5/2019,37.720303,0.132,,
BBDC4,bank,2/6/2019,35.94529,0.079,,
BBDC4,bank,2/7/2019,36.490173,0.096,,
BBDC4,bank,2/8/2019,36.878227,0.107,,
BBDC4,bank,2/11/2019,36.663548,0.101,,
BBDC4,bank,2/12/2019,37.398335,0.123,,
BBDC4,bank,2/13/2019,36.820473,0.105,,
BBDC4,bank,2/14/2019,38.223877,0.148,,
BBDC4,bank,2/15/2019,37.9762,0.14,,
BBDC4,bank,2/18/2019,37.109352,0.114,,
BBDC4,bank,2/19/2019,37.4231,0.124,,
BBDC4,bank,2/20/2019,36.803925,0.105,,
BBDC4,bank,2/21/2019,37.125896,0.115,,
BBDC4,bank,2/22/2019,36.820473,0.105,,
BBDC4,bank,2/25/2019,36.448956,0.094,,
BBDC4,bank,2/26/2019,37.101128,0.114,,
BBDC4,bank,2/27/2019,36.688313,0.101,,
BBDC4,bank,2/28/2019,35.722397,0.072,,
BBDC4,bank,3/1/2019,35.127991,0.055,,
BBDC4,bank,3/6/2019,34.865982,0.047,,
BBDC4,bank,3/7/2019,35.113781,0.054,,
BBDC4,bank,3/8/2019,35.601162,0.069,,
BBDC4,bank,3/11/2019,37.04665,0.112,,
BBDC4,bank,3/12/2019,37.154007,0.115,,
BBDC4,bank,3/13/2019,37.509254,0.126,,
BBDC4,bank,3/14/2019,37.59182,0.129,,
BBDC4,bank,3/15/2019,37.74873,0.133,35.95017378,
BBDC4,bank,3/18/2019,37.946968,0.139,36.04293356,
BBDC4,bank,3/19/2019,37.129219,0.115,36.11252646,
BBDC4,bank,3/20/2019,36.121548,0.084,36.16724556,
BBDC4,bank,3/21/2019,35.328583,0.061,36.1981839,
BBDC4,bank,3/22/2019,34.081242,0.023,36.20005036,
BBDC4,bank,3/25/2019,34.155579,0.025,36.1916858,
BBDC4,bank,3/26/2019,34.378601,0.032,36.18992836,
BBDC4,bank,3/27/2019,33.189137,-0.004,36.16883736,
BBDC4,bank,3/28/2019,34.874203,0.047,36.17336,
BBDC4,bank,3/29/2019,35.468929,0.065,36.19109804,
BBDC4,bank,4/1/2019,35.753117,0.073,36.21121852,
BBDC4,bank,4/2/2019,35.295902,0.06,36.21988582,
BBDC4,bank,4/3/2019,34.8992,0.048,36.21352138,
BBDC4,bank,4/4/2019,35.801685,0.075,36.2332944,
BBDC4,bank,4/5/2019,36.099209,0.084,36.26215266,
BBDC4,bank,4/8/2019,36.148792,0.085,36.28012056,
BBDC4,bank,4/9/2019,36.009949,0.081,36.28821588,
BBDC4,bank,4/10/2019,35.494247,0.066,36.28022058,
BBDC4,bank,4/11/2019,34.928959,0.049,36.27016192,
BBDC4,bank,4/12/2019,34.611599,0.039,36.25540552,
BBDC4,bank,4/15/2019,34.532265,0.037,36.19912462,
BBDC4,bank,4/16/2019,34.472759,0.035,36.15089586,
BBDC4,bank,4/17/2019,33.996719,0.021,36.07675508,
BBDC4,bank,4/18/2019,34.462837,0.035,36.01160576,
BBDC4,bank,4/22/2019,34.750446,0.043,35.98770888,
BBDC4,bank,4/23/2019,35.593422,0.069,35.96977386,
BBDC4,bank,4/24/2019,35.355404,0.061,35.9393174,
BBDC4,bank,4/25/2019,35.771935,0.074,35.92148514,
BBDC4,bank,4/26/2019,35.662838,0.071,35.8867752,
BBDC4,bank,4/29/2019,35.196728,0.057,35.8543003,
BBDC4,bank,4/30/2019,35.285984,0.059,35.79554244,
BBDC4,bank,5/2/2019,35.30582,0.06,35.74213484,
BBDC4,bank,5/3/2019,35.681862,0.071,35.71358504,
BBDC4,bank,5/6/2019,34.719364,0.042,35.65951032,
BBDC4,bank,5/7/2019,34.50106,0.036,35.61345302,
BBDC4,bank,5/8/2019,35.2155,0.057,35.5752451,
BBDC4,bank,5/9/2019,34.600292,0.039,35.53084148,
BBDC4,bank,5/10/2019,34.29269,0.03,35.48771616,
BBDC4,bank,5/13/2019,33.439342,0.004,35.41448044,
BBDC4,bank,5/14/2019,33.340115,0.001,35.34751648,
BBDC4,bank,5/15/2019,32.982899,-0.01,35.29272652,
BBDC4,bank,5/16/2019,32.595913,-0.021,35.24208496,
BBDC4,bank,5/17/2019,32.843979,-0.014,35.2016449,
BBDC4,bank,5/20/2019,33.737019,0.013,35.17410966,
BBDC4,bank,5/21/2019,35.126194,0.055,35.1646103,
BBDC4,bank,5/22/2019,34.50106,0.036,35.1136985,
BBDC4,bank,5/23/2019,34.332375,0.031,35.05726586,
BBDC4,bank,5/24/2019,33.995007,0.021,34.98698092,
BBDC4,bank,5/27/2019,34.48122,0.035,34.92476892,
BBDC4,bank,5/28/2019,35.433796,0.064,34.87847024,
BBDC4,bank,5/29/2019,36.138298,0.085,34.84229684,
BBDC4,bank,5/30/2019,36.803116,0.105,34.83577478,
BBDC4,bank,5/31/2019,36.713814,0.102,34.8476201,
BBDC4,bank,6/3/2019,36.594742,0.099,34.87294328,
BBDC4,bank,6/4/2019,36.782352,0.104,34.92696548,
BBDC4,bank,6/5/2019,36.216469,0.087,34.96818328,
BBDC4,bank,6/6/2019,37.010689,0.111,35.02082504,
BBDC4,bank,6/7/2019,37.020626,0.111,35.09745482,
BBDC4,bank,6/10/2019,36.583801,0.098,35.13164678,
BBDC4,bank,6/11/2019,36.752571,0.103,35.15731962,
BBDC4,bank,6/12/2019,36.325676,0.091,35.1687708,
BBDC4,bank,6/13/2019,35.928566,0.079,35.18142408,
BBDC4,bank,6/14/2019,35.868999,0.077,35.20082006,
BBDC4,bank,6/17/2019,35.779648,0.074,35.20037932,
BBDC4,bank,6/18/2019,36.087402,0.083,35.20014318,
BBDC4,bank,6/19/2019,36.534161,0.097,35.20785056,
BBDC4,bank,6/21/2019,37.358162,0.122,35.23481482,
BBDC4,bank,6/24/2019,37.656002,0.131,35.27804992,
BBDC4,bank,6/25/2019,37.338306,0.121,35.32623686,
BBDC4,bank,6/26/2019,37.804916,0.135,35.3901032,
BBDC4,bank,6/27/2019,37.626213,0.13,35.45198216,
BBDC4,bank,6/28/2019,37.467373,0.125,35.51187444,
BBDC4,bank,7/1/2019,37.546982,0.127,35.5828797,
BBDC4,bank,7/2/2019,37.665756,0.131,35.64693808,
BBDC4,bank,7/3/2019,38.334614,0.151,35.71862144,
BBDC4,bank,7/4/2019,39.003475,0.171,35.7868225,
BBDC4,bank,7/5/2019,39.342892,0.181,35.86657226,
BBDC4,bank,7/8/2019,39.1632,0.176,35.93439756,
BBDC4,bank,7/10/2019,38.983509,0.17,36.00081098,
BBDC4,bank,7/11/2019,38.654072,0.16,36.06995786,
BBDC4,bank,7/12/2019,37.935291,0.139,36.122944,
BBDC4,bank,7/15/2019,37.775566,0.134,36.17233892,
BBDC4,bank,7/16/2019,37.785549,0.134,36.21441266,
BBDC4,bank,7/17/2019,37.585888,0.128,36.27174314,
BBDC4,bank,7/18/2019,38.404495,0.153,36.34981184,
BBDC4,bank,7/19/2019,37.535976,0.127,36.39622136,
BBDC4,bank,7/22/2019,38.055092,0.142,36.46531736,
BBDC4,bank,7/23/2019,38.184868,0.146,36.54316092,
BBDC4,bank,7/24/2019,38.903641,0.168,36.6524469,
BBDC4,bank,7/25/2019,36.637508,0.1,36.71839476,
BBDC4,bank,7/26/2019,36.168308,0.086,36.78210294,
BBDC4,bank,7/29/2019,36.088444,0.083,36.85195356,
BBDC4,bank,7/30/2019,35.339725,0.061,36.90186848,
BBDC4,bank,7/31/2019,34.441254,0.034,36.91595318,
BBDC4,bank,8/1/2019,34.141766,0.025,36.89626462,
BBDC4,bank,8/2/2019,34.240623,0.028,36.89105588,
BBDC4,bank,8/5/2019,33.621338,0.009,36.87683514,
BBDC4,bank,8/6/2019,34.130749,0.025,36.87954998,
BBDC4,bank,8/7/2019,34.849922,0.046,36.88692402,
BBDC4,bank,8/8/2019,35.01973,0.051,36.8786427,
BBDC4,bank,8/9/2019,34.440395,0.034,36.84468464,
BBDC4,bank,8/12/2019,33.721222,0.012,36.78304676,
BBDC4,bank,8/13/2019,34.060833,0.023,36.72998714,
BBDC4,bank,8/14/2019,33.391602,0.002,36.66592434,
BBDC4,bank,8/15/2019,33.161865,-0.004,36.5935146,
BBDC4,bank,8/16/2019,33.231785,-0.002,36.53382092,
BBDC4,bank,8/19/2019,32.752338,-0.017,36.4486539,
BBDC4,bank,8/20/2019,32.432705,-0.026,36.35689548,
BBDC4,bank,8/21/2019,33.071972,-0.007,36.2866589,
BBDC4,bank,8/22/2019,32.642464,-0.02,36.20445676,
BBDC4,bank,8/23/2019,31.933277,-0.041,36.11660878,
BBDC4,bank,8/26/2019,31.603659,-0.051,36.03011064,
BBDC4,bank,8/27/2019,32.003201,-0.039,35.95279468,
BBDC4,bank,8/28/2019,31.813417,-0.045,35.87347006,
BBDC4,bank,8/29/2019,32.412727,-0.027,35.79997656,
BBDC4,bank,8/30/2019,32.912155,-0.012,35.72753644,
BBDC4,bank,9/2/2019,32.572544,-0.022,35.63182408,
BBDC4,bank,9/3/2019,32.041821,-0.038,35.51954046,
BBDC4,bank,9/4/2019,32.441593,-0.026,35.4216062,
BBDC4,bank,9/5/2019,33.191166,-0.004,35.3293312,
BBDC4,bank,9/6/2019,34.580376,0.038,35.26841446,
BBDC4,bank,9/9/2019,35.02013,0.051,35.2194696,
BBDC4,bank,9/10/2019,34.400478,0.033,35.15653952,
BBDC4,bank,9/11/2019,34.250568,0.028,35.08823576,
BBDC4,bank,9/12/2019,33.880779,0.017,34.99915906,
BBDC4,bank,9/13/2019,33.441025,0.004,34.88791006,
BBDC4,bank,9/16/2019,33.001274,-0.009,34.7610777,
BBDC4,bank,9/17/2019,33.880779,0.017,34.65542928,
BBDC4,bank,9/18/2019,33.980721,0.02,34.55537352,
BBDC4,bank,9/19/2019,33.570953,0.008,34.45371114,
BBDC4,bank,9/20/2019,34.160618,0.026,34.37821768,
BBDC4,bank,9/23/2019,34.230579,0.028,34.30731794,
BBDC4,bank,9/24/2019,33.790829,0.014,34.22742354,
BBDC4,bank,9/25/2019,34.0107,0.021,34.15591978,
BBDC4,bank,9/26/2019,34.500423,0.036,34.07783834,
BBDC4,bank,9/27/2019,34.480434,0.035,34.0167275,
BBDC4,bank,9/30/2019,33.900764,0.018,33.93364094,
BBDC4,bank,10/1/2019,33.441025,0.004,33.83876408,
BBDC4,bank,10/2/2019,32.150002,-0.035,33.7036913,
BBDC4,bank,10/3/2019,32.240002,-0.032,33.61574118,
BBDC4,bank,10/4/2019,32.57,-0.022,33.54377502,
BBDC4,bank,10/7/2019,32.360001,-0.028,33.46920616,
BBDC4,bank,10/8/2019,32.330002,-0.029,33.4090117,
BBDC4,bank,10/9/2019,33.25,-0.002,33.38518662,
BBDC4,bank,10/10/2019,33.630001,0.01,33.37495132,
BBDC4,bank,10/11/2019,34.009998,0.021,33.37033882,
BBDC4,bank,10/14/2019,34.490002,0.035,33.3877121,
BBDC4,bank,10/15/2019,34.77,0.044,33.40049712,
BBDC4,bank,10/16/2019,35.599998,0.069,33.41549864,
BBDC4,bank,10/17/2019,35,0.051,33.41510404,35.28059769
BBDC4,bank,10/18/2019,33.790001,0.014,33.40209616,35.2830028
BBDC4,bank,10/21/2019,34.029999,0.022,33.4082717,35.28490493
BBDC4,bank,10/22/2019,35,0.051,33.42705504,35.29297696
BBDC4,bank,10/23/2019,35.299999,0.06,33.46522298,35.30056863
BBDC4,bank,10/24/2019,35.259998,0.059,33.50718564,35.30692902
BBDC4,bank,10/25/2019,35.720001,0.072,33.55694996,35.31265999
BBDC4,bank,10/28/2019,37.009998,0.111,33.64210316,35.32537762
BBDC4,bank,10/29/2019,36.5,0.096,33.72344906,35.33665918
BBAS3,bank,1/2/2019,46.151379, -   ,,
BBAS3,bank,1/3/2019,46.341301,0.004,,
BBAS3,bank,1/4/2019,46.341301,0.004,,
BBAS3,bank,1/7/2019,46.037422,-0.002,,
BBAS3,bank,1/8/2019,45.515137,-0.014,,
BBAS3,bank,1/9/2019,45.391689,-0.016,,
BBAS3,bank,1/10/2019,46.056419,-0.002,,
BBAS3,bank,1/11/2019,46.246342,0.002,,
BBAS3,bank,1/14/2019,47.319408,0.025,,
BBAS3,bank,1/15/2019,46.768623,0.013,,
BBAS3,bank,1/16/2019,46.322315,0.004,,
BBAS3,bank,1/17/2019,46.493237,0.007,,
BBAS3,bank,1/18/2019,46.103893,-0.001,,
BBAS3,bank,1/21/2019,45.857002,-0.006,,
BBAS3,bank,1/22/2019,45.77153,-0.008,,
BBAS3,bank,1/23/2019,46.721157,0.012,,
BBAS3,bank,1/24/2019,46.483742,0.007,,
BBAS3,bank,1/28/2019,45.885479,-0.006,,
BBAS3,bank,1/29/2019,47.414371,0.027,,
BBAS3,bank,1/30/2019,48.031624,0.041,,
BBAS3,bank,1/31/2019,49.247128,0.067,,
BBAS3,bank,2/1/2019,49.484535,0.072,,
BBAS3,bank,2/4/2019,50.424656,0.093,,
BBAS3,bank,2/5/2019,51.896561,0.124,,
BBAS3,bank,2/6/2019,48.734337,0.056,,
BBAS3,bank,2/7/2019,49.057205,0.063,,
BBAS3,bank,2/8/2019,49.123669,0.064,,
BBAS3,bank,2/11/2019,47.670769,0.033,,
BBAS3,bank,2/12/2019,50.60508,0.097,,
BBAS3,bank,2/13/2019,49.456043,0.072,,
BBAS3,bank,2/14/2019,51.982029,0.126,,
BBAS3,bank,2/15/2019,52.048504,0.128,,
BBAS3,bank,2/18/2019,51.535706,0.117,,
BBAS3,bank,2/19/2019,51.754116,0.121,,
BBAS3,bank,2/20/2019,50.29171,0.09,,
BBAS3,bank,2/21/2019,50.519611,0.095,,
BBAS3,bank,2/22/2019,50.982376,0.105,,
BBAS3,bank,2/25/2019,50.146915,0.087,,
BBAS3,bank,2/26/2019,50.415802,0.092,,
BBAS3,bank,2/27/2019,49.839622,0.08,,
BBAS3,bank,2/28/2019,48.591221,0.053,,
BBAS3,bank,3/1/2019,49.273041,0.068,,
BBAS3,bank,3/6/2019,48.591221,0.053,,
BBAS3,bank,3/7/2019,48.991451,0.062,,
BBAS3,bank,3/8/2019,50.710964,0.099,,
BBAS3,bank,3/11/2019,52.265316,0.132,,
BBAS3,bank,3/12/2019,51.969254,0.126,,
BBAS3,bank,3/13/2019,52.768181,0.143,,
BBAS3,bank,3/14/2019,52.368717,0.135,,
BBAS3,bank,3/15/2019,52.816898,0.144,48.81632018,
BBAS3,bank,3/18/2019,52.417431,0.136,48.94164122,
BBAS3,bank,3/19/2019,51.296982,0.111,49.04075484,
BBAS3,bank,3/20/2019,50.147308,0.087,49.11687498,
BBAS3,bank,3/21/2019,49.095058,0.064,49.1780277,
BBAS3,bank,3/22/2019,46.42548,0.006,49.19623456,
BBAS3,bank,3/25/2019,46.756737,0.013,49.22353552,
BBAS3,bank,3/26/2019,47.857693,0.037,49.259561,
BBAS3,bank,3/27/2019,45.2076,-0.02,49.23878616,
BBAS3,bank,3/28/2019,46.785969,0.014,49.22811738,
BBAS3,bank,3/29/2019,47.467979,0.029,49.2421045,
BBAS3,bank,4/1/2019,47.935646,0.039,49.27437112,
BBAS3,bank,4/2/2019,47.516693,0.03,49.29484024,
BBAS3,bank,4/3/2019,47.010056,0.019,49.3129635,
BBAS3,bank,4/4/2019,47.575157,0.031,49.3473266,
BBAS3,bank,4/5/2019,47.847958,0.037,49.38885516,
BBAS3,bank,4/8/2019,47.9259,0.038,49.41295002,
BBAS3,bank,4/9/2019,47.204918,0.023,49.42737354,
BBAS3,bank,4/10/2019,47.555668,0.03,49.46077732,
BBAS3,bank,4/11/2019,47.107487,0.021,49.45463964,
BBAS3,bank,4/12/2019,45.529118,-0.013,49.40458952,
BBAS3,bank,4/15/2019,45.655781,-0.011,49.33276258,
BBAS3,bank,4/16/2019,46.600853,0.01,49.27508894,
BBAS3,bank,4/17/2019,45.987041,-0.004,49.18633664,
BBAS3,bank,4/18/2019,47.594635,0.031,49.10029812,
BBAS3,bank,4/22/2019,47.097744,0.021,49.06756626,
BBAS3,bank,4/23/2019,48.04282,0.041,49.04727856,
BBAS3,bank,4/24/2019,47.068516,0.02,49.0061755,
BBAS3,bank,4/25/2019,47.838211,0.037,49.00952434,
BBAS3,bank,4/26/2019,48.081787,0.042,48.95905848,
BBAS3,bank,4/29/2019,48.101276,0.042,48.93196314,
BBAS3,bank,4/30/2019,48.403309,0.049,48.86038874,
BBAS3,bank,5/2/2019,48.510483,0.051,48.78962832,
BBAS3,bank,5/3/2019,48.79303,0.057,48.7347748,
BBAS3,bank,5/6/2019,48.101276,0.042,48.661718,
BBAS3,bank,5/7/2019,48.218189,0.045,48.62024758,
BBAS3,bank,5/8/2019,49.289921,0.068,48.59565378,
BBAS3,bank,5/9/2019,49.71862,0.077,48.57037866,
BBAS3,bank,5/10/2019,48.870972,0.059,48.5448598,
BBAS3,bank,5/13/2019,47.126972,0.021,48.4790832,
BBAS3,bank,5/14/2019,46.669052,0.011,48.4156718,
BBAS3,bank,5/15/2019,45.899349,-0.005,48.36183436,
BBAS3,bank,5/16/2019,44.467129,-0.036,48.26571612,
BBAS3,bank,5/17/2019,43.69743,-0.053,48.1678403,
BBAS3,bank,5/20/2019,45.37323,-0.017,48.09547588,
BBAS3,bank,5/21/2019,47.96487,0.039,48.040554,
BBAS3,bank,5/22/2019,47.969624,0.039,47.95464016,
BBAS3,bank,5/23/2019,48.048237,0.041,47.87621982,
BBAS3,bank,5/24/2019,48.755692,0.056,47.79597004,
BBAS3,bank,5/27/2019,49.708794,0.077,47.74277158,
BBAS3,bank,5/28/2019,50.3573,0.091,47.69357962,
BBAS3,bank,5/29/2019,50.308174,0.09,47.65139448,
BBAS3,bank,5/30/2019,51.045105,0.106,47.64635694,
BBAS3,bank,5/31/2019,50.946846,0.104,47.6623477,
BBAS3,bank,6/3/2019,51.182671,0.109,47.70409996,
BBAS3,bank,6/4/2019,52.017864,0.127,47.81594764,
BBAS3,bank,6/5/2019,50.583294,0.096,47.89247878,
BBAS3,bank,6/6/2019,51.870476,0.124,47.97273444,
BBAS3,bank,6/7/2019,51.447964,0.115,48.09754172,
BBAS3,bank,6/10/2019,50.966499,0.104,48.18115232,
BBAS3,bank,6/11/2019,51.978561,0.126,48.27136396,
BBAS3,bank,6/12/2019,51.516285,0.116,48.34297674,
BBAS3,bank,6/13/2019,50.698097,0.099,48.40660482,
BBAS3,bank,6/14/2019,49.801048,0.079,48.46242466,
BBAS3,bank,6/17/2019,49.751762,0.078,48.50595676,
BBAS3,bank,6/18/2019,50.91497,0.103,48.567297,
BBAS3,bank,6/19/2019,51.752872,0.121,48.64383644,
BBAS3,bank,6/21/2019,52.15704,0.13,48.74287888,
BBAS3,bank,6/24/2019,52.285191,0.133,48.83746934,
BBAS3,bank,6/25/2019,51.802158,0.122,48.93136276,
BBAS3,bank,6/26/2019,52.925934,0.147,49.07929908,
BBAS3,bank,6/27/2019,53.03437,0.149,49.22687086,
BBAS3,bank,6/28/2019,53.172379,0.152,49.35830138,
BBAS3,bank,7/1/2019,53.113235,0.151,49.50082526,
BBAS3,bank,7/2/2019,52.433052,0.136,49.5975936,
BBAS3,bank,7/3/2019,53.527252,0.16,49.72618376,
BBAS3,bank,7/4/2019,54.394733,0.179,49.85322202,
BBAS3,bank,7/5/2019,54.217293,0.175,49.99619756,
BBAS3,bank,7/8/2019,54.168007,0.174,50.12279348,
BBAS3,bank,7/10/2019,53.487823,0.159,50.2309142,
BBAS3,bank,7/11/2019,52.442913,0.136,50.31774694,
BBAS3,bank,7/12/2019,51.259991,0.111,50.37488058,
BBAS3,bank,7/15/2019,50.954395,0.104,50.42375882,
BBAS3,bank,7/16/2019,51.033264,0.106,50.4685635,
BBAS3,bank,7/17/2019,51.043118,0.106,50.52740034,
BBAS3,bank,7/18/2019,51.910595,0.125,50.60124846,
BBAS3,bank,7/19/2019,51.259991,0.111,50.64064986,
BBAS3,bank,7/22/2019,51.269844,0.111,50.67167434,
BBAS3,bank,7/23/2019,50.66853,0.098,50.7076255,
BBAS3,bank,7/24/2019,51.585293,0.118,50.79679192,
BBAS3,bank,7/25/2019,49.406738,0.071,50.85154564,
BBAS3,bank,7/26/2019,49.288452,0.068,50.9193277,
BBAS3,bank,7/29/2019,49.732044,0.078,51.024626,
BBAS3,bank,7/30/2019,49.229301,0.067,51.13526342,
BBAS3,bank,7/31/2019,48.51955,0.051,51.19818982,
BBAS3,bank,8/1/2019,48.056236,0.041,51.20001714,
BBAS3,bank,8/2/2019,48.066097,0.041,51.2019466,
BBAS3,bank,8/5/2019,47.169044,0.022,51.18436274,
BBAS3,bank,8/6/2019,47.809799,0.036,51.16544488,
BBAS3,bank,8/7/2019,47.760509,0.035,51.12647918,
BBAS3,bank,8/8/2019,48.105526,0.042,51.0814437,
BBAS3,bank,8/9/2019,47.957661,0.039,51.03443344,
BBAS3,bank,8/12/2019,46.331142,0.004,50.94015418,
BBAS3,bank,8/13/2019,46.873314,0.016,50.85868354,
BBAS3,bank,8/14/2019,45.236938,-0.02,50.73976888,
BBAS3,bank,8/15/2019,45.197506,-0.021,50.60336172,
BBAS3,bank,8/16/2019,45.079216,-0.023,50.49328016,
BBAS3,bank,8/19/2019,44.192028,-0.042,50.3397112,
BBAS3,bank,8/20/2019,44.152596,-0.043,50.19380384,
BBAS3,bank,8/21/2019,46.676159,0.011,50.10799704,
BBAS3,bank,8/22/2019,46.42355,0.006,49.99689682,
BBAS3,bank,8/23/2019,44.7318,-0.031,49.86120712,
BBAS3,bank,8/26/2019,44.522823,-0.035,49.73770164,
BBAS3,bank,8/27/2019,44.16457,-0.043,49.62497208,
BBAS3,bank,8/28/2019,43.796364,-0.051,49.50586412,
BBAS3,bank,8/29/2019,44.861172,-0.028,49.38478816,
BBAS3,bank,8/30/2019,46.015541,-0.003,49.27004154,
BBAS3,bank,9/2/2019,45.428406,-0.016,49.13546886,
BBAS3,bank,9/3/2019,44.582527,-0.034,48.98141558,
BBAS3,bank,9/4/2019,45.637383,-0.011,48.85812008,
BBAS3,bank,9/5/2019,47.229614,0.023,48.74419368,
BBAS3,bank,9/6/2019,49.150246,0.065,48.6665112,
BBAS3,bank,9/9/2019,49.757286,0.078,48.59820934,
BBAS3,bank,9/10/2019,48.921364,0.06,48.51437192,
BBAS3,bank,9/11/2019,47.757046,0.035,48.4208518,
BBAS3,bank,9/12/2019,48,0.04,48.31030676,
BBAS3,bank,9/13/2019,47.139999,0.021,48.16521208,
BBAS3,bank,9/16/2019,46.650002,0.011,48.01386626,
BBAS3,bank,9/17/2019,47.299999,0.025,47.8765061,
BBAS3,bank,9/18/2019,48.02,0.04,47.76714964,
BBAS3,bank,9/19/2019,46.77,0.013,47.65369138,
BBAS3,bank,9/20/2019,47.509998,0.029,47.57869152,
BBAS3,bank,9/23/2019,47.279999,0.024,47.5052036,
BBAS3,bank,9/24/2019,45.84,-0.007,47.40133832,
BBAS3,bank,9/25/2019,45.540001,-0.013,47.29127598,
BBAS3,bank,9/26/2019,45.709999,-0.01,47.16726406,
BBAS3,bank,9/27/2019,45.34,-0.018,47.04886424,
BBAS3,bank,9/30/2019,45.490002,-0.014,46.9332674,
BBAS3,bank,10/1/2019,44.950001,-0.026,46.81889682,
BBAS3,bank,10/2/2019,43.419998,-0.059,46.65559092,
BBAS3,bank,10/3/2019,45.290001,-0.019,46.57325618,
BBAS3,bank,10/4/2019,45.599998,-0.012,46.4994871,
BBAS3,bank,10/7/2019,43.799999,-0.051,46.3808462,
BBAS3,bank,10/8/2019,43.009998,-0.068,46.25646014,
BBAS3,bank,10/9/2019,44.200001,-0.042,46.17006916,
BBAS3,bank,10/10/2019,44.400002,-0.038,46.09694448,
BBAS3,bank,10/11/2019,45.23,-0.02,46.04022254,
BBAS3,bank,10/14/2019,45,-0.025,45.99684166,
BBAS3,bank,10/15/2019,44.380001,-0.038,45.9282457,
BBAS3,bank,10/16/2019,45,-0.025,45.87303552,
BBAS3,bank,10/17/2019,44.91,-0.027,45.809125,48.35011713
BBAS3,bank,10/18/2019,46.060001,-0.002,45.7711718,48.34966024
BBAS3,bank,10/21/2019,46.400002,0.005,45.772549,48.34995374
BBAS3,bank,10/22/2019,47.400002,0.027,45.78308276,48.35524725
BBAS3,bank,10/23/2019,47.599998,0.031,45.83034396,48.36306013
BBAS3,bank,10/24/2019,47.299999,0.025,45.87239382,48.37198444
BBAS3,bank,10/25/2019,47.73,0.034,45.9254095,48.38367599
BBAS3,bank,10/28/2019,48.790001,0.057,46.01736896,48.3973439
BBAS3,bank,10/29/2019,48.66,0.054,46.10751704,48.40941219
BTOW3,ecommerce,1/2/2019,42.501801, -   ,,
BTOW3,ecommerce,1/3/2019,42.936699,0.01,,
BTOW3,ecommerce,1/4/2019,41.513401,-0.023,,
BTOW3,ecommerce,1/7/2019,39.6749,-0.067,,
BTOW3,ecommerce,1/8/2019,41.513401,-0.023,,
BTOW3,ecommerce,1/9/2019,44.2612,0.041,,
BTOW3,ecommerce,1/10/2019,45.961201,0.081,,
BTOW3,ecommerce,1/11/2019,44.557701,0.048,,
BTOW3,ecommerce,1/14/2019,45.071701,0.06,,
BTOW3,ecommerce,1/15/2019,45.7141,0.076,,
BTOW3,ecommerce,1/16/2019,47.3549,0.114,,
BTOW3,ecommerce,1/17/2019,46.208401,0.087,,
BTOW3,ecommerce,1/18/2019,45.466999,0.07,,
BTOW3,ecommerce,1/21/2019,43.984402,0.035,,
BTOW3,ecommerce,1/22/2019,43.480301,0.023,,
BTOW3,ecommerce,1/23/2019,43.935001,0.034,,
BTOW3,ecommerce,1/24/2019,45.0816,0.061,,
BTOW3,ecommerce,1/28/2019,45.437401,0.069,,
BTOW3,ecommerce,1/29/2019,47.246201,0.112,,
BTOW3,ecommerce,1/30/2019,47.5625,0.119,,
BTOW3,ecommerce,1/31/2019,49.4207,0.163,,
BTOW3,ecommerce,2/1/2019,47.5229,0.118,,
BTOW3,ecommerce,2/4/2019,47.394402,0.115,,
BTOW3,ecommerce,2/5/2019,45.466999,0.07,,
BTOW3,ecommerce,2/6/2019,43.935001,0.034,,
BTOW3,ecommerce,2/7/2019,43.5891,0.026,,
BTOW3,ecommerce,2/8/2019,44.4687,0.046,,
BTOW3,ecommerce,2/11/2019,43.836201,0.031,,
BTOW3,ecommerce,2/12/2019,45.8624,0.079,,
BTOW3,ecommerce,2/13/2019,45.832699,0.078,,
BTOW3,ecommerce,2/14/2019,46.949699,0.105,,
BTOW3,ecommerce,2/15/2019,46.801399,0.101,,
BTOW3,ecommerce,2/18/2019,46.919998,0.104,,
BTOW3,ecommerce,2/19/2019,46.9991,0.106,,
BTOW3,ecommerce,2/20/2019,44.4786,0.047,,
BTOW3,ecommerce,2/21/2019,43.7472,0.029,,
BTOW3,ecommerce,2/22/2019,45.931599,0.081,,
BTOW3,ecommerce,2/25/2019,46.6828,0.098,,
BTOW3,ecommerce,2/26/2019,46.5839,0.096,,
BTOW3,ecommerce,2/27/2019,47.740398,0.123,,
BTOW3,ecommerce,2/28/2019,47.789799,0.124,,
BTOW3,ecommerce,3/1/2019,48.738701,0.147,,
BTOW3,ecommerce,3/6/2019,47.908401,0.127,,
BTOW3,ecommerce,3/7/2019,47.4636,0.117,,
BTOW3,ecommerce,3/8/2019,49.3218,0.16,,
BTOW3,ecommerce,3/11/2019,49.8951,0.174,,
BTOW3,ecommerce,3/12/2019,47.345001,0.114,,
BTOW3,ecommerce,3/13/2019,45.743801,0.076,,
BTOW3,ecommerce,3/14/2019,47.0979,0.108,,
BTOW3,ecommerce,3/15/2019,46.405998,0.092,45.74675414,
BTOW3,ecommerce,3/18/2019,47.997398,0.129,45.85666608,
BTOW3,ecommerce,3/19/2019,49.3218,0.16,45.9843681,
BTOW3,ecommerce,3/20/2019,49.3218,0.16,46.14053608,
BTOW3,ecommerce,3/21/2019,46.208401,0.087,46.2712061,
BTOW3,ecommerce,3/22/2019,42.007599,-0.012,46.28109006,
BTOW3,ecommerce,3/25/2019,40.712799,-0.042,46.21012204,
BTOW3,ecommerce,3/26/2019,41.721001,-0.018,46.12531804,
BTOW3,ecommerce,3/27/2019,38.706299,-0.089,46.00829,
BTOW3,ecommerce,3/28/2019,40.979599,-0.036,45.92644796,
BTOW3,ecommerce,3/29/2019,41.730801,-0.018,45.84678198,
BTOW3,ecommerce,4/1/2019,41.513401,-0.023,45.729952,
BTOW3,ecommerce,4/2/2019,40.8116,-0.04,45.62201598,
BTOW3,ecommerce,4/3/2019,40.376701,-0.05,45.52021002,
BTOW3,ecommerce,4/4/2019,40.604,-0.045,45.45260198,
BTOW3,ecommerce,4/5/2019,40.722599,-0.042,45.39744794,
BTOW3,ecommerce,4/8/2019,38.6964,-0.09,45.29267592,
BTOW3,ecommerce,4/9/2019,37.5597,-0.116,45.14223792,
BTOW3,ecommerce,4/10/2019,36.225399,-0.148,44.95799788,
BTOW3,ecommerce,4/11/2019,38.152802,-0.102,44.7761299,
BTOW3,ecommerce,4/12/2019,37.164398,-0.126,44.56816786,
BTOW3,ecommerce,4/15/2019,36.502102,-0.141,44.3097959,
BTOW3,ecommerce,4/16/2019,35.167801,-0.173,44.06269392,
BTOW3,ecommerce,4/17/2019,35.8596,-0.156,43.83199788,
BTOW3,ecommerce,4/18/2019,37.460899,-0.119,43.67187588,
BTOW3,ecommerce,4/22/2019,36.6702,-0.137,43.52657986,
BTOW3,ecommerce,4/23/2019,38.686501,-0.09,43.42852788,
BTOW3,ecommerce,4/24/2019,37.213799,-0.124,43.28342986,
BTOW3,ecommerce,4/25/2019,36.709702,-0.136,43.14089988,
BTOW3,ecommerce,4/26/2019,36.8283,-0.133,42.96021788,
BTOW3,ecommerce,4/29/2019,37.174198,-0.125,42.78704786,
BTOW3,ecommerce,4/30/2019,37.806801,-0.11,42.6041899,
BTOW3,ecommerce,5/2/2019,36.3736,-0.144,42.39563392,
BTOW3,ecommerce,5/3/2019,37.678299,-0.113,42.21079994,
BTOW3,ecommerce,5/6/2019,38.350498,-0.098,42.0378279,
BTOW3,ecommerce,5/7/2019,36.650398,-0.138,41.88126386,
BTOW3,ecommerce,5/8/2019,36.966702,-0.13,41.7456539,
BTOW3,ecommerce,5/9/2019,35.731201,-0.159,41.54164594,
BTOW3,ecommerce,5/10/2019,33.408401,-0.214,41.27615796,
BTOW3,ecommerce,5/13/2019,31.9258,-0.249,40.98299596,
BTOW3,ecommerce,5/14/2019,31.6292,-0.256,40.660772,
BTOW3,ecommerce,5/15/2019,31.9554,-0.248,40.34408402,
BTOW3,ecommerce,5/16/2019,31.649,-0.255,40.00229,
BTOW3,ecommerce,5/17/2019,32.014702,-0.247,39.68441602,
BTOW3,ecommerce,5/20/2019,33.517101,-0.211,39.40548604,
BTOW3,ecommerce,5/21/2019,34.1991,-0.195,39.10303204,
BTOW3,ecommerce,5/22/2019,32.9142,-0.226,38.76341404,
BTOW3,ecommerce,5/23/2019,31.135,-0.267,38.43921402,
BTOW3,ecommerce,5/24/2019,30.0774,-0.292,38.125886,
BTOW3,ecommerce,5/27/2019,30.0972,-0.292,37.785872,
BTOW3,ecommerce,5/28/2019,32.074001,-0.245,37.49923206,
BTOW3,ecommerce,5/29/2019,31.8566,-0.25,37.1764161,
BTOW3,ecommerce,5/30/2019,32.044399,-0.246,36.83086808,
BTOW3,ecommerce,5/31/2019,31.0362,-0.27,36.46515608,
BTOW3,ecommerce,6/3/2019,30.344299,-0.286,36.14787404,
BTOW3,ecommerce,6/4/2019,30.146601,-0.291,35.91065408,
BTOW3,ecommerce,6/5/2019,29.6327,-0.303,35.6890521,
BTOW3,ecommerce,6/6/2019,30.472799,-0.283,35.46408806,
BTOW3,ecommerce,6/7/2019,30.709999,-0.277,35.30416206,
BTOW3,ecommerce,6/10/2019,31.5403,-0.258,35.11537608,
BTOW3,ecommerce,6/11/2019,32.9142,-0.226,34.93904406,
BTOW3,ecommerce,6/12/2019,31.441401,-0.26,34.73760406,
BTOW3,ecommerce,6/13/2019,31.915899,-0.249,34.55969004,
BTOW3,ecommerce,6/14/2019,30.789101,-0.276,34.36793804,
BTOW3,ecommerce,6/17/2019,31.0658,-0.269,34.17717404,
BTOW3,ecommerce,6/18/2019,32.845001,-0.227,34.01962208,
BTOW3,ecommerce,6/19/2019,33.754299,-0.206,33.92078006,
BTOW3,ecommerce,6/21/2019,34.1497,-0.197,33.85258006,
BTOW3,ecommerce,6/24/2019,33.507198,-0.212,33.79821604,
BTOW3,ecommerce,6/25/2019,32.419998,-0.237,33.68355996,
BTOW3,ecommerce,6/26/2019,32.410099,-0.237,33.58847398,
BTOW3,ecommerce,6/27/2019,32.261799,-0.241,33.50366792,
BTOW3,ecommerce,6/28/2019,32.3409,-0.239,33.4471299,
BTOW3,ecommerce,7/1/2019,31.639099,-0.256,33.36271988,
BTOW3,ecommerce,7/2/2019,31.4711,-0.26,33.2429239,
BTOW3,ecommerce,7/3/2019,31.9356,-0.249,33.1482319,
BTOW3,ecommerce,7/4/2019,33.882801,-0.203,33.0521579,
BTOW3,ecommerce,7/5/2019,35.365501,-0.168,33.01519194,
BTOW3,ecommerce,7/8/2019,36.047501,-0.152,33.00194792,
BTOW3,ecommerce,7/10/2019,38.755699,-0.088,33.0404959,
BTOW3,ecommerce,7/11/2019,39.062099,-0.081,33.07825392,
BTOW3,ecommerce,7/12/2019,37.796902,-0.111,33.07805594,
BTOW3,ecommerce,7/15/2019,36.699799,-0.137,33.08457992,
BTOW3,ecommerce,7/16/2019,35.414902,-0.167,33.03931198,
BTOW3,ecommerce,7/17/2019,36.442799,-0.143,33.001158,
BTOW3,ecommerce,7/18/2019,36.492199,-0.141,32.99799402,
BTOW3,ecommerce,7/19/2019,35.563099,-0.163,32.96992196,
BTOW3,ecommerce,7/22/2019,35.325901,-0.169,32.96181596,
BTOW3,ecommerce,7/23/2019,34.6143,-0.186,32.98593394,
BTOW3,ecommerce,7/24/2019,35.4445,-0.166,33.05630794,
BTOW3,ecommerce,7/25/2019,35.0788,-0.175,33.12529994,
BTOW3,ecommerce,7/26/2019,35.7015,-0.16,33.20022194,
BTOW3,ecommerce,7/29/2019,36.5219,-0.141,33.29767994,
BTOW3,ecommerce,7/30/2019,36.1661,-0.149,33.3807079,
BTOW3,ecommerce,7/31/2019,37.500401,-0.118,33.4603739,
BTOW3,ecommerce,8/1/2019,37.6091,-0.115,33.5285739,
BTOW3,ecommerce,8/2/2019,37.905701,-0.108,33.62840392,
BTOW3,ecommerce,8/5/2019,36.0672,-0.151,33.72704792,
BTOW3,ecommerce,8/6/2019,36.68,-0.137,33.85909992,
BTOW3,ecommerce,8/7/2019,34.940399,-0.178,33.9559639,
BTOW3,ecommerce,8/8/2019,36.976601,-0.13,34.0540159,
BTOW3,ecommerce,8/9/2019,43.5396,0.024,34.2876759,
BTOW3,ecommerce,8/12/2019,42.650101,0.003,34.49978994,
BTOW3,ecommerce,8/13/2019,43.816399,0.031,34.75539392,
BTOW3,ecommerce,8/14/2019,43.687901,0.028,35.02226596,
BTOW3,ecommerce,8/15/2019,41.572701,-0.022,35.25078796,
BTOW3,ecommerce,8/16/2019,41.958199,-0.013,35.49729794,
BTOW3,ecommerce,8/19/2019,41.760502,-0.017,35.723052,
BTOW3,ecommerce,8/20/2019,43.045399,0.013,35.96976,
BTOW3,ecommerce,8/21/2019,43.4902,0.023,36.208758,
BTOW3,ecommerce,8/22/2019,42.5611,0.001,36.401696,
BTOW3,ecommerce,8/23/2019,41.880001,-0.015,36.610468,
BTOW3,ecommerce,8/26/2019,41.060001,-0.034,36.79335004,
BTOW3,ecommerce,8/27/2019,41.330002,-0.028,37.00416806,
BTOW3,ecommerce,8/28/2019,44.41,0.045,37.27105206,
BTOW3,ecommerce,8/29/2019,45.759998,0.077,37.529352,
BTOW3,ecommerce,8/30/2019,47,0.106,37.79426602,
BTOW3,ecommerce,9/2/2019,46.799999,0.101,38.047272,
BTOW3,ecommerce,9/3/2019,45.900002,0.08,38.29512808,
BTOW3,ecommerce,9/4/2019,47.07,0.107,38.58812812,
BTOW3,ecommerce,9/5/2019,46.599998,0.096,38.8719261,
BTOW3,ecommerce,9/6/2019,46.099998,0.085,39.14869008,
BTOW3,ecommerce,9/9/2019,43.5,0.023,39.37187208,
BTOW3,ecommerce,9/10/2019,41.400002,-0.026,39.56709014,
BTOW3,ecommerce,9/11/2019,42.75,0.006,39.79266814,
BTOW3,ecommerce,9/12/2019,43.119999,0.015,40.01635612,
BTOW3,ecommerce,9/13/2019,41.75,-0.018,40.1737001,
BTOW3,ecommerce,9/16/2019,42.779999,0.007,40.32199006,
BTOW3,ecommerce,9/17/2019,43.41,0.021,40.46924004,
BTOW3,ecommerce,9/18/2019,44.900002,0.056,40.5921261,
BTOW3,ecommerce,9/19/2019,47.48,0.117,40.76048412,
BTOW3,ecommerce,9/20/2019,47.52,0.118,40.95494608,
BTOW3,ecommerce,9/23/2019,47.290001,0.113,41.16675012,
BTOW3,ecommerce,9/24/2019,49.349998,0.161,41.44545204,
BTOW3,ecommerce,9/25/2019,47.5,0.118,41.66659606,
BTOW3,ecommerce,9/26/2019,47.779999,0.124,41.89235206,
BTOW3,ecommerce,9/27/2019,48.830002,0.149,42.15769012,
BTOW3,ecommerce,9/30/2019,48.349998,0.138,42.41817206,
BTOW3,ecommerce,10/1/2019,48.610001,0.144,42.69808608,
BTOW3,ecommerce,10/2/2019,48.110001,0.132,42.9513961,
BTOW3,ecommerce,10/3/2019,48.099998,0.132,43.21182006,
BTOW3,ecommerce,10/4/2019,49,0.153,43.47779006,
BTOW3,ecommerce,10/7/2019,48.869999,0.15,43.72475204,
BTOW3,ecommerce,10/8/2019,47.669998,0.122,43.95483,
BTOW3,ecommerce,10/9/2019,49.490002,0.164,44.19462202,
BTOW3,ecommerce,10/10/2019,49.099998,0.155,44.42443998,
BTOW3,ecommerce,10/11/2019,53,0.247,44.72632596,
BTOW3,ecommerce,10/14/2019,54,0.271,45.08498196,
BTOW3,ecommerce,10/15/2019,54.799999,0.289,45.44738194,
BTOW3,ecommerce,10/16/2019,56.130001,0.321,45.87117398,
BTOW3,ecommerce,10/17/2019,54.849998,0.291,46.22864192,40.88216101
BTOW3,ecommerce,10/18/2019,54.5,0.282,46.44784992,40.942152
BTOW3,ecommerce,10/21/2019,54.5,0.282,46.6848479,40.99996851
BTOW3,ecommerce,10/22/2019,54.68,0.287,46.90211992,41.0658015
BTOW3,ecommerce,10/23/2019,54.369999,0.279,47.11576188,41.139277
BTOW3,ecommerce,10/24/2019,54.779999,0.289,47.37990784,41.20560999
BTOW3,ecommerce,10/25/2019,53.970001,0.27,47.62014388,41.25415399
BTOW3,ecommerce,10/28/2019,53.150002,0.251,47.84793388,41.290098
BTOW3,ecommerce,10/29/2019,52.18,0.228,48.0306259,41.32820949
SLED4,ecommerce,1/2/2019,2.21, -   ,,
SLED4,ecommerce,1/3/2019,2.34,0.059,,
SLED4,ecommerce,1/4/2019,2.36,0.068,,
SLED4,ecommerce,1/7/2019,2.35,0.063,,
SLED4,ecommerce,1/8/2019,2.31,0.045,,
SLED4,ecommerce,1/9/2019,2.4,0.086,,
SLED4,ecommerce,1/10/2019,2.47,0.118,,
SLED4,ecommerce,1/11/2019,2.47,0.118,,
SLED4,ecommerce,1/14/2019,2.54,0.149,,
SLED4,ecommerce,1/15/2019,2.35,0.063,,
SLED4,ecommerce,1/16/2019,2.42,0.095,,
SLED4,ecommerce,1/17/2019,2.4,0.086,,
SLED4,ecommerce,1/18/2019,2.3,0.041,,
SLED4,ecommerce,1/21/2019,2.34,0.059,,
SLED4,ecommerce,1/22/2019,2.36,0.068,,
SLED4,ecommerce,1/23/2019,2.33,0.054,,
SLED4,ecommerce,1/24/2019,2.38,0.077,,
SLED4,ecommerce,1/28/2019,2.3,0.041,,
SLED4,ecommerce,1/29/2019,2.34,0.059,,
SLED4,ecommerce,1/30/2019,2.36,0.068,,
SLED4,ecommerce,1/31/2019,2.37,0.072,,
SLED4,ecommerce,2/1/2019,2.34,0.059,,
SLED4,ecommerce,2/4/2019,2.3,0.041,,
SLED4,ecommerce,2/5/2019,2.21, -   ,,
SLED4,ecommerce,2/6/2019,2.25,0.018,,
SLED4,ecommerce,2/7/2019,2.2,-0.005,,
SLED4,ecommerce,2/8/2019,2.14,-0.032,,
SLED4,ecommerce,2/11/2019,2.12,-0.041,,
SLED4,ecommerce,2/12/2019,2.2,-0.005,,
SLED4,ecommerce,2/13/2019,2.15,-0.027,,
SLED4,ecommerce,2/14/2019,2.12,-0.041,,
SLED4,ecommerce,2/15/2019,2.1,-0.05,,
SLED4,ecommerce,2/18/2019,2.1,-0.05,,
SLED4,ecommerce,2/19/2019,2.15,-0.027,,
SLED4,ecommerce,2/20/2019,2.1,-0.05,,
SLED4,ecommerce,2/21/2019,2.15,-0.027,,
SLED4,ecommerce,2/22/2019,2.12,-0.041,,
SLED4,ecommerce,2/25/2019,2.15,-0.027,,
SLED4,ecommerce,2/26/2019,2.11,-0.045,,
SLED4,ecommerce,2/27/2019,2.1,-0.05,,
SLED4,ecommerce,2/28/2019,2.15,-0.027,,
SLED4,ecommerce,3/1/2019,2.1,-0.05,,
SLED4,ecommerce,3/6/2019,2.15,-0.027,,
SLED4,ecommerce,3/7/2019,2.16,-0.023,,
SLED4,ecommerce,3/8/2019,2.16,-0.023,,
SLED4,ecommerce,3/11/2019,2.19,-0.009,,
SLED4,ecommerce,3/12/2019,2.16,-0.023,,
SLED4,ecommerce,3/13/2019,2.1,-0.05,,
SLED4,ecommerce,3/14/2019,2.13,-0.036,,
SLED4,ecommerce,3/15/2019,2.1,-0.05,2.2442,
SLED4,ecommerce,3/18/2019,2.09,-0.054,2.2418,
SLED4,ecommerce,3/19/2019,2.05,-0.072,2.236,
SLED4,ecommerce,3/20/2019,2,-0.095,2.2288,
SLED4,ecommerce,3/21/2019,2.08,-0.059,2.2234,
SLED4,ecommerce,3/22/2019,2.03,-0.081,2.2178,
SLED4,ecommerce,3/25/2019,1.97,-0.109,2.2092,
SLED4,ecommerce,3/26/2019,1.95,-0.118,2.1988,
SLED4,ecommerce,3/27/2019,1.86,-0.158,2.1866,
SLED4,ecommerce,3/28/2019,1.95,-0.118,2.1748,
SLED4,ecommerce,3/29/2019,1.95,-0.118,2.1668,
SLED4,ecommerce,4/1/2019,2.03,-0.081,2.159,
SLED4,ecommerce,4/2/2019,1.9,-0.14,2.149,
SLED4,ecommerce,4/3/2019,1.96,-0.113,2.1422,
SLED4,ecommerce,4/4/2019,1.94,-0.122,2.1342,
SLED4,ecommerce,4/5/2019,2.03,-0.081,2.1276,
SLED4,ecommerce,4/8/2019,2,-0.095,2.121,
SLED4,ecommerce,4/9/2019,1.86,-0.158,2.1106,
SLED4,ecommerce,4/10/2019,1.88,-0.149,2.1022,
SLED4,ecommerce,4/11/2019,1.9,-0.14,2.0934,
SLED4,ecommerce,4/12/2019,1.9,-0.14,2.0842,
SLED4,ecommerce,4/15/2019,1.98,-0.104,2.0764,
SLED4,ecommerce,4/16/2019,1.96,-0.113,2.0688,
SLED4,ecommerce,4/17/2019,1.97,-0.109,2.0622,
SLED4,ecommerce,4/18/2019,1.9,-0.14,2.056,
SLED4,ecommerce,4/22/2019,1.95,-0.118,2.05,
SLED4,ecommerce,4/23/2019,1.94,-0.122,2.0448,
SLED4,ecommerce,4/24/2019,1.81,-0.181,2.0382,
SLED4,ecommerce,4/25/2019,1.84,-0.167,2.0326,
SLED4,ecommerce,4/26/2019,1.8,-0.186,2.0246,
SLED4,ecommerce,4/29/2019,1.78,-0.195,2.0172,
SLED4,ecommerce,4/30/2019,1.78,-0.195,2.0104,
SLED4,ecommerce,5/2/2019,1.78,-0.195,2.004,
SLED4,ecommerce,5/3/2019,1.77,-0.199,1.9974,
SLED4,ecommerce,5/6/2019,1.76,-0.204,1.9896,
SLED4,ecommerce,5/7/2019,1.76,-0.204,1.9828,
SLED4,ecommerce,5/8/2019,1.79,-0.19,1.9756,
SLED4,ecommerce,5/9/2019,1.77,-0.199,1.9686,
SLED4,ecommerce,5/10/2019,1.77,-0.199,1.961,
SLED4,ecommerce,5/13/2019,1.79,-0.19,1.9546,
SLED4,ecommerce,5/14/2019,1.77,-0.199,1.948,
SLED4,ecommerce,5/15/2019,1.75,-0.208,1.94,
SLED4,ecommerce,5/16/2019,1.61,-0.271,1.9302,
SLED4,ecommerce,5/17/2019,1.65,-0.253,1.9202,
SLED4,ecommerce,5/20/2019,1.67,-0.244,1.9104,
SLED4,ecommerce,5/21/2019,1.57,-0.29,1.8986,
SLED4,ecommerce,5/22/2019,1.53,-0.308,1.8854,
SLED4,ecommerce,5/23/2019,1.64,-0.258,1.875,
SLED4,ecommerce,5/24/2019,1.64,-0.258,1.8658,
SLED4,ecommerce,5/27/2019,1.64,-0.258,1.856,
SLED4,ecommerce,5/28/2019,1.6,-0.276,1.846,
SLED4,ecommerce,5/29/2019,1.68,-0.24,1.8378,
SLED4,ecommerce,5/30/2019,1.64,-0.258,1.8296,
SLED4,ecommerce,5/31/2019,1.59,-0.281,1.8214,
SLED4,ecommerce,6/3/2019,1.61,-0.271,1.812,
SLED4,ecommerce,6/4/2019,1.61,-0.271,1.8036,
SLED4,ecommerce,6/5/2019,1.64,-0.258,1.797,
SLED4,ecommerce,6/6/2019,1.58,-0.285,1.7896,
SLED4,ecommerce,6/7/2019,1.55,-0.299,1.7834,
SLED4,ecommerce,6/10/2019,1.53,-0.308,1.775,
SLED4,ecommerce,6/11/2019,1.54,-0.303,1.7668,
SLED4,ecommerce,6/12/2019,1.57,-0.29,1.7576,
SLED4,ecommerce,6/13/2019,1.61,-0.271,1.7518,
SLED4,ecommerce,6/14/2019,1.6,-0.276,1.7446,
SLED4,ecommerce,6/17/2019,1.55,-0.299,1.7368,
SLED4,ecommerce,6/18/2019,1.62,-0.267,1.7286,
SLED4,ecommerce,6/19/2019,1.6,-0.276,1.7206,
SLED4,ecommerce,6/21/2019,1.6,-0.276,1.7154,
SLED4,ecommerce,6/24/2019,1.56,-0.294,1.709,
SLED4,ecommerce,6/25/2019,1.53,-0.308,1.7016,
SLED4,ecommerce,6/26/2019,1.51,-0.317,1.6938,
SLED4,ecommerce,6/27/2019,1.49,-0.326,1.684,
SLED4,ecommerce,6/28/2019,1.46,-0.339,1.674,
SLED4,ecommerce,7/1/2019,1.49,-0.326,1.6644,
SLED4,ecommerce,7/2/2019,1.48,-0.33,1.656,
SLED4,ecommerce,7/3/2019,1.45,-0.344,1.646,
SLED4,ecommerce,7/4/2019,1.38,-0.376,1.6348,
SLED4,ecommerce,7/5/2019,1.33,-0.398,1.6252,
SLED4,ecommerce,7/8/2019,1.37,-0.38,1.6158,
SLED4,ecommerce,7/10/2019,1.4,-0.367,1.6078,
SLED4,ecommerce,7/11/2019,1.37,-0.38,1.5996,
SLED4,ecommerce,7/12/2019,1.37,-0.38,1.5914,
SLED4,ecommerce,7/15/2019,1.34,-0.394,1.5826,
SLED4,ecommerce,7/16/2019,1.37,-0.38,1.5746,
SLED4,ecommerce,7/17/2019,1.41,-0.362,1.5676,
SLED4,ecommerce,7/18/2019,1.52,-0.312,1.5628,
SLED4,ecommerce,7/19/2019,1.44,-0.348,1.5558,
SLED4,ecommerce,7/22/2019,1.41,-0.362,1.5486,
SLED4,ecommerce,7/23/2019,1.43,-0.353,1.5418,
SLED4,ecommerce,7/24/2019,1.4,-0.367,1.534,
SLED4,ecommerce,7/25/2019,1.36,-0.385,1.5258,
SLED4,ecommerce,7/26/2019,1.34,-0.394,1.5176,
SLED4,ecommerce,7/29/2019,1.35,-0.389,1.5124,
SLED4,ecommerce,7/30/2019,1.36,-0.385,1.5066,
SLED4,ecommerce,7/31/2019,1.34,-0.394,1.5,
SLED4,ecommerce,8/1/2019,1.34,-0.394,1.4954,
SLED4,ecommerce,8/2/2019,1.41,-0.362,1.493,
SLED4,ecommerce,8/5/2019,1.41,-0.362,1.4884,
SLED4,ecommerce,8/6/2019,1.37,-0.38,1.483,
SLED4,ecommerce,8/7/2019,1.33,-0.398,1.4768,
SLED4,ecommerce,8/8/2019,1.36,-0.385,1.472,
SLED4,ecommerce,8/9/2019,1.38,-0.376,1.466,
SLED4,ecommerce,8/12/2019,1.39,-0.371,1.461,
SLED4,ecommerce,8/13/2019,1.39,-0.371,1.457,
SLED4,ecommerce,8/14/2019,1.39,-0.371,1.4526,
SLED4,ecommerce,8/15/2019,1.36,-0.385,1.4476,
SLED4,ecommerce,8/16/2019,1.35,-0.389,1.4418,
SLED4,ecommerce,8/19/2019,1.36,-0.385,1.4374,
SLED4,ecommerce,8/20/2019,1.36,-0.385,1.4336,
SLED4,ecommerce,8/21/2019,1.4,-0.367,1.431,
SLED4,ecommerce,8/22/2019,1.42,-0.357,1.4286,
SLED4,ecommerce,8/23/2019,1.51,-0.317,1.4274,
SLED4,ecommerce,8/26/2019,2.48,0.122,1.4448,
SLED4,ecommerce,8/27/2019,2.16,-0.023,1.456,
SLED4,ecommerce,8/28/2019,2.22,0.005,1.4694,
SLED4,ecommerce,8/29/2019,2.16,-0.023,1.4802,
SLED4,ecommerce,8/30/2019,2.22,0.005,1.4926,
SLED4,ecommerce,9/2/2019,2,-0.095,1.5006,
SLED4,ecommerce,9/3/2019,1.77,-0.199,1.5048,
SLED4,ecommerce,9/4/2019,1.74,-0.213,1.509,
SLED4,ecommerce,9/5/2019,1.77,-0.199,1.5142,
SLED4,ecommerce,9/6/2019,2,-0.095,1.5244,
SLED4,ecommerce,9/9/2019,1.88,-0.149,1.5328,
SLED4,ecommerce,9/10/2019,1.77,-0.199,1.5384,
SLED4,ecommerce,9/11/2019,1.78,-0.195,1.5444,
SLED4,ecommerce,9/12/2019,1.79,-0.19,1.5512,
SLED4,ecommerce,9/13/2019,1.7,-0.231,1.5576,
SLED4,ecommerce,9/16/2019,1.68,-0.24,1.5646,
SLED4,ecommerce,9/17/2019,1.71,-0.226,1.5714,
SLED4,ecommerce,9/18/2019,1.73,-0.217,1.578,
SLED4,ecommerce,9/19/2019,1.75,-0.208,1.5856,
SLED4,ecommerce,9/20/2019,1.7,-0.231,1.5922,
SLED4,ecommerce,9/23/2019,1.68,-0.24,1.599,
SLED4,ecommerce,9/24/2019,1.66,-0.249,1.6048,
SLED4,ecommerce,9/25/2019,1.63,-0.262,1.6092,
SLED4,ecommerce,9/26/2019,1.59,-0.281,1.6106,
SLED4,ecommerce,9/27/2019,1.57,-0.29,1.6132,
SLED4,ecommerce,9/30/2019,1.75,-0.208,1.62,
SLED4,ecommerce,10/1/2019,1.64,-0.258,1.6242,
SLED4,ecommerce,10/2/2019,1.59,-0.281,1.628,
SLED4,ecommerce,10/3/2019,1.64,-0.258,1.6336,
SLED4,ecommerce,10/4/2019,1.6,-0.276,1.6388,
SLED4,ecommerce,10/7/2019,1.56,-0.294,1.643,
SLED4,ecommerce,10/8/2019,1.58,-0.285,1.6474,
SLED4,ecommerce,10/9/2019,1.54,-0.303,1.6514,
SLED4,ecommerce,10/10/2019,1.53,-0.308,1.6552,
SLED4,ecommerce,10/11/2019,1.53,-0.308,1.6576,
SLED4,ecommerce,10/14/2019,1.53,-0.308,1.66,
SLED4,ecommerce,10/15/2019,1.51,-0.317,1.6628,
SLED4,ecommerce,10/16/2019,1.57,-0.29,1.6676,
SLED4,ecommerce,10/17/2019,1.61,-0.271,1.6726,1.8087
SLED4,ecommerce,10/18/2019,1.58,-0.285,1.6766,1.80555
SLED4,ecommerce,10/21/2019,1.58,-0.285,1.6804,1.80175
SLED4,ecommerce,10/22/2019,1.6,-0.276,1.6846,1.79795
SLED4,ecommerce,10/23/2019,1.58,-0.285,1.6884,1.7941
SLED4,ecommerce,10/24/2019,1.54,-0.303,1.692,1.79025
SLED4,ecommerce,10/25/2019,1.57,-0.29,1.6964,1.7861
SLED4,ecommerce,10/28/2019,1.52,-0.312,1.6996,1.78135
SLED4,ecommerce,10/29/2019,1.5,-0.321,1.7024,1.7765
PETR4,largecap,1/2/2019,23.765604,0,,
PETR4,largecap,1/3/2019,24.348383,0.024521952,,
PETR4,largecap,1/4/2019,24.417526,0.027431325,,
PETR4,largecap,1/7/2019,24.802757,0.043640927,,
PETR4,largecap,1/8/2019,24.654589,0.037406371,,
PETR4,largecap,1/9/2019,25.168226,0.059018992,,
PETR4,largecap,1/10/2019,24.95092,0.049875274,,
PETR4,largecap,1/11/2019,24.684223,0.038653299,,
PETR4,largecap,1/14/2019,24.545937,0.032834554,,
PETR4,largecap,1/15/2019,24.526182,0.03200331,,
PETR4,largecap,1/16/2019,24.516304,0.031587668,,
PETR4,largecap,1/17/2019,24.852144,0.045719015,,
PETR4,largecap,1/18/2019,25.089207,0.055694061,,
PETR4,largecap,1/21/2019,25.217615,0.061097164,,
PETR4,largecap,1/22/2019,24.82251,0.044472087,,
PETR4,largecap,1/23/2019,25.118839,0.056940905,,
PETR4,largecap,1/24/2019,25.227497,0.061512975,,
PETR4,largecap,1/28/2019,24.466917,0.02950958,,
PETR4,largecap,1/29/2019,25.059574,0.054447175,,
PETR4,largecap,1/30/2019,25.306515,0.064837864,,
PETR4,largecap,1/31/2019,25.267004,0.063175335,,
PETR4,largecap,2/1/2019,25.48431,0.072319054,,
PETR4,largecap,2/4/2019,25.711498,0.081878584,,
PETR4,largecap,2/5/2019,25.760887,0.083956755,,
PETR4,largecap,2/6/2019,25.178106,0.059434719,,
PETR4,largecap,2/7/2019,24.782999,0.042809558,,
PETR4,largecap,2/8/2019,24.82251,0.044472087,,
PETR4,largecap,2/11/2019,24.536058,0.032418869,,
PETR4,largecap,2/12/2019,25.405291,0.068994123,,
PETR4,largecap,2/13/2019,25.731253,0.082709827,,
PETR4,largecap,2/14/2019,26.620241,0.120116324,,
PETR4,largecap,2/15/2019,26.511587,0.115544423,,
PETR4,largecap,2/18/2019,26.432568,0.112219492,,
PETR4,largecap,2/19/2019,27.044979,0.137988288,,
PETR4,largecap,2/20/2019,26.709141,0.123857025,,
PETR4,largecap,2/21/2019,27.064734,0.138819531,,
PETR4,largecap,2/22/2019,26.798038,0.127597599,,
PETR4,largecap,2/25/2019,26.373302,0.10972572,,
PETR4,largecap,2/26/2019,26.254768,0.104738091,,
PETR4,largecap,2/27/2019,26.74865,0.125519469,,
PETR4,largecap,2/28/2019,26.728895,0.124688226,,
PETR4,largecap,3/1/2019,26.373302,0.10972572,,
PETR4,largecap,3/6/2019,26.432568,0.112219492,,
PETR4,largecap,3/7/2019,26.442444,0.11263505,,
PETR4,largecap,3/8/2019,26.343668,0.108478791,,
PETR4,largecap,3/11/2019,27.410452,0.153366521,,
PETR4,largecap,3/12/2019,27.163511,0.142975832,,
PETR4,largecap,3/13/2019,27.75617,0.167913511,,
PETR4,largecap,3/14/2019,27.84507,0.171654211,,
PETR4,largecap,3/15/2019,27.904335,0.174147941,25.70359616,
PETR4,largecap,3/18/2019,28.388336,0.19451355,25.7960508,
PETR4,largecap,3/19/2019,28.84271,0.213632525,25.88593734,
PETR4,largecap,3/20/2019,28.615522,0.204072996,25.96989726,
PETR4,largecap,3/21/2019,28.210539,0.187032276,26.0380529,
PETR4,largecap,3/22/2019,26.66963,0.122194496,26.07835372,
PETR4,largecap,3/25/2019,27.005468,0.136325759,26.11509856,
PETR4,largecap,3/26/2019,28.279684,0.189941733,26.18167384,
PETR4,largecap,3/27/2019,27.005468,0.136325759,26.22809874,
PETR4,largecap,3/28/2019,27.71666,0.166251024,26.2915132,
PETR4,largecap,3/29/2019,27.71666,0.166251024,26.35532276,
PETR4,largecap,4/1/2019,27.657393,0.16375721,26.41814454,
PETR4,largecap,4/2/2019,27.943846,0.17581047,26.47997858,
PETR4,largecap,4/3/2019,27.203022,0.144638361,26.52225488,
PETR4,largecap,4/4/2019,28.121641,0.18329166,26.5803354,
PETR4,largecap,4/5/2019,28.427851,0.196176247,26.65244222,
PETR4,largecap,4/8/2019,28.892099,0.215710697,26.72790742,
PETR4,largecap,4/9/2019,28.8032,0.211970039,26.79942148,
PETR4,largecap,4/10/2019,28.427851,0.196176247,26.87864016,
PETR4,largecap,4/11/2019,27.657393,0.16375721,26.93059654,
PETR4,largecap,4/12/2019,25.513945,0.073566024,26.93474514,
PETR4,largecap,4/15/2019,25.612722,0.077722325,26.9416595,
PETR4,largecap,4/16/2019,26.393053,0.110556795,26.95983436,
PETR4,largecap,4/17/2019,26.422688,0.111803765,26.97405816,
PETR4,largecap,4/18/2019,27.262287,0.147132091,27.00408616,
PETR4,largecap,4/22/2019,27.104246,0.140482102,27.04260896,
PETR4,largecap,4/23/2019,27.341309,0.150457148,27.09377516,
PETR4,largecap,4/24/2019,27.262287,0.147132091,27.1425707,
PETR4,largecap,4/25/2019,27.459841,0.155444692,27.20104636,
PETR4,largecap,4/26/2019,26.935459,0.133379947,27.23164972,
PETR4,largecap,4/29/2019,27.054075,0.138371026,27.25810616,
PETR4,largecap,4/30/2019,26.797075,0.127557078,27.26164284,
PETR4,largecap,5/2/2019,26.421459,0.111752051,27.25984028,
PETR4,largecap,5/3/2019,26.540077,0.116743214,27.26199046,
PETR4,largecap,5/6/2019,26.460999,0.1134158,27.25031086,
PETR4,largecap,5/7/2019,26.045847,0.095947193,27.23704498,
PETR4,largecap,5/8/2019,27.054075,0.138371026,27.2368318,
PETR4,largecap,5/9/2019,26.520306,0.115911298,27.23127716,
PETR4,largecap,5/10/2019,26.372038,0.109672533,27.23125188,
PETR4,largecap,5/13/2019,25.60104,0.077230774,27.21817732,
PETR4,largecap,5/14/2019,25.699886,0.081389979,27.19720204,
PETR4,largecap,5/15/2019,25.581272,0.076398984,27.17424958,
PETR4,largecap,5/16/2019,24.978313,0.051027906,27.1463498,
PETR4,largecap,5/17/2019,24.395124,0.026488702,27.10560092,
PETR4,largecap,5/20/2019,25.225428,0.061425916,27.0812606,
PETR4,largecap,5/21/2019,26.184231,0.101770062,27.07807186,
PETR4,largecap,5/22/2019,26.085011,0.097595121,27.05156304,
PETR4,largecap,5/23/2019,25.638519,0.078807801,27.0210632,
PETR4,largecap,5/24/2019,25.88657,0.089245197,26.9836712,
PETR4,largecap,5/27/2019,26.0354,0.095507608,26.9474778,
PETR4,largecap,5/28/2019,26.591034,0.118887363,26.92121178,
PETR4,largecap,5/29/2019,26.293373,0.106362498,26.87931252,
PETR4,largecap,5/30/2019,25.946102,0.091750161,26.82138036,
PETR4,largecap,5/31/2019,25.35078,0.06670043,26.75608552,
PETR4,largecap,6/3/2019,25.78735,0.085070255,26.70762174,
PETR4,largecap,6/4/2019,25.995712,0.093837632,26.69414338,
PETR4,largecap,6/5/2019,25.658363,0.07964279,26.66720128,
PETR4,largecap,6/6/2019,26.075089,0.097177627,26.62310938,
PETR4,largecap,6/7/2019,26.551346,0.117217387,26.61402694,
PETR4,largecap,6/10/2019,26.442204,0.112624952,26.58853782,
PETR4,largecap,6/11/2019,26.948227,0.133917194,26.57316916,
PETR4,largecap,6/12/2019,26.640644,0.120974834,26.55283418,
PETR4,largecap,6/13/2019,26.968071,0.134752182,26.53331868,
PETR4,largecap,6/14/2019,26.849007,0.129742253,26.52623838,
PETR4,largecap,6/17/2019,26.898617,0.131829723,26.5017779,
PETR4,largecap,6/18/2019,27.235966,0.146024566,26.4779402,
PETR4,largecap,6/19/2019,27.30542,0.148947024,26.44620662,
PETR4,largecap,6/21/2019,28.059494,0.180676662,26.4313325,
PETR4,largecap,6/24/2019,28.029728,0.17942418,26.42337004,
PETR4,largecap,6/25/2019,27.295498,0.14852953,26.41613214,
PETR4,largecap,6/26/2019,27.45425,0.155209436,26.45493824,
PETR4,largecap,6/27/2019,27.017681,0.136839653,26.48303742,
PETR4,largecap,6/28/2019,27.196278,0.144354589,26.49910192,
PETR4,largecap,7/1/2019,27.047447,0.138092135,26.5115971,
PETR4,largecap,7/2/2019,26.610878,0.119722352,26.49856892,
PETR4,largecap,7/3/2019,26.968071,0.134752182,26.49584542,
PETR4,largecap,7/4/2019,27.176434,0.143519601,26.49254792,
PETR4,largecap,7/5/2019,27.186356,0.143937095,26.4910293,
PETR4,largecap,7/8/2019,27.434406,0.154374448,26.4905206,
PETR4,largecap,7/10/2019,27.851131,0.171909243,26.50883404,
PETR4,largecap,7/11/2019,28.178558,0.185686591,26.5313237,
PETR4,largecap,7/12/2019,28.307545,0.191114057,26.5615331,
PETR4,largecap,7/15/2019,27.960274,0.176501721,26.5923094,
PETR4,largecap,7/16/2019,27.613003,0.161889384,26.61376792,
PETR4,largecap,7/17/2019,27.464172,0.15562693,26.63383138,
PETR4,largecap,7/18/2019,27.295498,0.14852953,26.6588244,
PETR4,largecap,7/19/2019,27.226044,0.145607071,26.66226378,
PETR4,largecap,7/22/2019,27.275654,0.147694542,26.67737074,
PETR4,largecap,7/23/2019,27.30542,0.148947024,26.69603838,
PETR4,largecap,7/24/2019,27.136745,0.141849582,26.72675248,
PETR4,largecap,7/25/2019,26.680332,0.122644811,26.7463614,
PETR4,largecap,7/26/2019,25.93618,0.091332667,26.75345956,
PETR4,largecap,7/29/2019,26.174309,0.101352568,26.77737948,
PETR4,largecap,7/30/2019,26.0354,0.095507608,26.810185,
PETR4,largecap,7/31/2019,25.876648,0.088827702,26.8232094,
PETR4,largecap,8/1/2019,26.045322,0.095925103,26.82043122,
PETR4,largecap,8/2/2019,26.313217,0.107197486,26.82499534,
PETR4,largecap,8/5/2019,25.35078,0.06670043,26.81924056,
PETR4,largecap,8/6/2019,25.678207,0.080477778,26.8150733,
PETR4,largecap,8/7/2019,25.400391,0.068787942,26.80237312,
PETR4,largecap,8/8/2019,26.144543,0.100100086,26.7934433,
PETR4,largecap,8/9/2019,26.075089,0.097177627,26.78907762,
PETR4,largecap,8/12/2019,25.450001,0.070875413,26.7791556,
PETR4,largecap,8/13/2019,25.790001,0.085181803,26.78794002,
PETR4,largecap,8/14/2019,24.92,0.048574234,26.77059302,
PETR4,largecap,8/15/2019,24.23,0.019540677,26.73527878,
PETR4,largecap,8/16/2019,23.91,0.00607584,26.70031152,
PETR4,largecap,8/19/2019,24.030001,0.011125196,26.65940976,
PETR4,largecap,8/20/2019,24.02,0.010704378,26.60878284,
PETR4,largecap,8/21/2019,25.450001,0.070875413,26.58893878,
PETR4,largecap,8/22/2019,25.219999,0.061197477,26.55437422,
PETR4,largecap,8/23/2019,24.280001,0.0216446,26.50716136,
PETR4,largecap,8/26/2019,23.959999,0.008179678,26.44699992,
PETR4,largecap,8/27/2019,24.34,0.024169215,26.39681978,
PETR4,largecap,8/28/2019,24.59,0.03468862,26.35064744,
PETR4,largecap,8/29/2019,25.5,0.072979252,26.31592812,
PETR4,largecap,8/30/2019,25.5,0.072979252,26.27981972,
PETR4,largecap,9/2/2019,25.299999,0.064563686,26.22462982,
PETR4,largecap,9/3/2019,25.6,0.077187014,26.17603526,
PETR4,largecap,9/4/2019,26.26,0.104958241,26.1553253,
PETR4,largecap,9/5/2019,26.389999,0.11042829,26.13404028,
PETR4,largecap,9/6/2019,26.52,0.115898422,26.12408666,
PETR4,largecap,9/9/2019,26.93,0.133150245,26.1187611,
PETR4,largecap,9/10/2019,27.1,0.14030344,26.11981216,
PETR4,largecap,9/11/2019,26.870001,0.13062563,26.12499462,
PETR4,largecap,9/12/2019,27.059999,0.138620293,26.12683318,
PETR4,largecap,9/13/2019,26.879999,0.131046322,26.12090448,
PETR4,largecap,9/16/2019,28.059999,0.180697911,26.13837734,
PETR4,largecap,9/17/2019,27.690001,0.165129277,26.14348924,
PETR4,largecap,9/18/2019,27.219999,0.145352712,26.1308666,
PETR4,largecap,9/19/2019,27.290001,0.14829823,26.11309546,
PETR4,largecap,9/20/2019,27,0.136095678,26.08694456,
PETR4,largecap,9/23/2019,27.48,0.156292935,26.07733908,
PETR4,largecap,9/24/2019,27.27,0.147456635,26.07047902,
PETR4,largecap,9/25/2019,27.34,0.150402068,26.06799558,
PETR4,largecap,9/26/2019,27.700001,0.165550053,26.07608564,
PETR4,largecap,9/27/2019,27.66,0.163866906,26.08476476,
PETR4,largecap,9/30/2019,27.549999,0.159238326,26.09025166,
PETR4,largecap,10/1/2019,27.51,0.157555263,26.09434326,
PETR4,largecap,10/2/2019,26.719999,0.124313903,26.08600834,
PETR4,largecap,10/3/2019,26.74,0.125155498,26.0872017,
PETR4,largecap,10/4/2019,26.51,0.115477646,26.0986781,
PETR4,largecap,10/7/2019,26.17,0.101171256,26.09859192,
PETR4,largecap,10/8/2019,26.02,0.094859613,26.09828392,
PETR4,largecap,10/9/2019,26.52,0.115898422,26.11115096,
PETR4,largecap,10/10/2019,26.74,0.125155498,26.12504452,
PETR4,largecap,10/11/2019,27.26,0.147035859,26.14398018,
PETR4,largecap,10/14/2019,27.309999,0.149139698,26.18316456,
PETR4,largecap,10/15/2019,27.6,0.161342249,26.22160042,
PETR4,largecap,10/16/2019,27.93,0.175227863,26.2721926,
PETR4,largecap,10/17/2019,27.66,0.163866906,26.30250174,26.43018825
PETR4,largecap,10/18/2019,27.6,0.161342249,26.33299996,26.44936023
PETR4,largecap,10/21/2019,27.77,0.168495444,26.37939994,26.46646831
PETR4,largecap,10/22/2019,28.57,0.202157538,26.43499992,26.48723068
PETR4,largecap,10/23/2019,28.950001,0.218147075,26.51559994,26.5079669
PETR4,largecap,10/24/2019,28.32,0.191638134,26.59739994,26.52629396
PETR4,largecap,10/25/2019,29.25,0.230770318,26.70419994,26.54670283
PETR4,largecap,10/28/2019,29.6,0.245497485,26.81559992,26.56994823
PETR4,largecap,10/29/2019,29.82,0.25475456,26.93159992,26.59562711
VALE4,largecap,1/2/2019,25.6959,0,,
VALE4,largecap,1/3/2019,25.536915,-0.006187174,,
VALE4,largecap,1/4/2019,26.560379,0.033642682,,
VALE4,largecap,1/7/2019,27.554033,0.072312431,,
VALE4,largecap,1/8/2019,27.782574,0.081206496,,
VALE4,largecap,1/9/2019,28.189974,0.097061165,,
VALE4,largecap,1/10/2019,28.577497,0.112142287,,
VALE4,largecap,1/11/2019,28.925278,0.125676781,,
VALE4,largecap,1/14/2019,29.064388,0.131090485,,
VALE4,largecap,1/15/2019,29.124006,0.133410622,,
VALE4,largecap,1/16/2019,29.173691,0.135344199,,
VALE4,largecap,1/17/2019,29.600964,0.15197226,,
VALE4,largecap,1/18/2019,30.256773,0.177494192,,
VALE4,largecap,1/21/2019,29.352549,0.142304765,,
VALE4,largecap,1/22/2019,28.557625,0.111368934,,
VALE4,largecap,1/23/2019,29.193563,0.136117552,,
VALE4,largecap,1/24/2019,30.246838,0.177107554,,
VALE4,largecap,1/28/2019,29.759947,0.158159356,,
VALE4,largecap,1/29/2019,29.591024,0.151585428,,
VALE4,largecap,1/30/2019,29.700325,0.155839064,,
VALE4,largecap,1/31/2019,29.292927,0.139984472,,
VALE4,largecap,2/1/2019,29.720198,0.156612456,,
VALE4,largecap,2/4/2019,29.958675,0.165893197,,
VALE4,largecap,2/5/2019,30.00836,0.167826774,,
VALE4,largecap,2/6/2019,30.385948,0.182521258,,
VALE4,largecap,2/7/2019,28.458258,0.107501897,,
VALE4,largecap,2/8/2019,28.170097,0.096287618,,
VALE4,largecap,2/11/2019,28.647053,0.114849178,,
VALE4,largecap,2/12/2019,28.627178,0.114075709,,
VALE4,largecap,2/13/2019,29.322739,0.141144657,,
VALE4,largecap,2/14/2019,28.845785,0.122583175,,
VALE4,largecap,2/15/2019,29.620832,0.152745457,,
VALE4,largecap,2/18/2019,29.044514,0.130317054,,
VALE4,largecap,2/19/2019,29.620832,0.152745457,,
VALE4,largecap,2/20/2019,28.577497,0.112142287,,
VALE4,largecap,2/21/2019,28.299273,0.101314723,,
VALE4,largecap,2/22/2019,28.36883,0.104021653,,
VALE4,largecap,2/25/2019,28.309212,0.101701517,,
VALE4,largecap,2/26/2019,28.53775,0.110595465,,
VALE4,largecap,2/27/2019,27.961432,0.088167062,,
VALE4,largecap,2/28/2019,28.607309,0.113302472,,
VALE4,largecap,3/1/2019,28.180037,0.09667445,,
VALE4,largecap,3/6/2019,28.001177,0.089713806,,
VALE4,largecap,3/7/2019,27.1367,0.056071202,,
VALE4,largecap,3/8/2019,26.411331,0.027842224,,
VALE4,largecap,3/11/2019,25.705835,0.000386638,,
VALE4,largecap,3/12/2019,26.331839,0.024748656,,
VALE4,largecap,3/13/2019,26.759111,0.041376679,,
VALE4,largecap,3/14/2019,26.928032,0.047950529,,
VALE4,largecap,3/15/2019,26.918076,0.047563074,28.4640216,
VALE4,largecap,3/18/2019,26.360601,0.025867979,28.47731562,
VALE4,largecap,3/19/2019,27.993208,0.089403679,28.52644148,
VALE4,largecap,3/20/2019,28.033026,0.090953265,28.55589442,
VALE4,largecap,3/21/2019,28.242081,0.099088999,28.56965538,
VALE4,largecap,3/22/2019,27.774199,0.080880568,28.56948788,
VALE4,largecap,3/25/2019,26.509922,0.031679062,28.53588684,
VALE4,largecap,3/26/2019,26.509922,0.031679062,28.49453534,
VALE4,largecap,3/27/2019,26.659248,0.037490339,28.44921474,
VALE4,largecap,3/28/2019,26.191366,0.019281909,28.3917543,
VALE4,largecap,3/29/2019,26.38051,0.026642772,28.33688438,
VALE4,largecap,4/1/2019,26.519878,0.032066516,28.28380812,
VALE4,largecap,4/2/2019,27.117174,0.055311314,28.23413232,
VALE4,largecap,4/3/2019,27.037535,0.052212026,28.16974756,
VALE4,largecap,4/4/2019,27.137083,0.056086107,28.12543824,
VALE4,largecap,4/5/2019,27.256542,0.060735059,28.09941658,
VALE4,largecap,4/8/2019,28.072847,0.092502967,28.07700226,
VALE4,largecap,4/9/2019,28.192305,0.09715188,28.0359116,
VALE4,largecap,4/10/2019,27.903612,0.085916897,27.9987849,
VALE4,largecap,4/11/2019,28.55068,0.111098658,27.97797802,
VALE4,largecap,4/12/2019,29.19775,0.136280496,27.96792652,
VALE4,largecap,4/15/2019,26.748842,0.040977043,27.91704482,
VALE4,largecap,4/16/2019,27.405867,0.066546297,27.8707582,
VALE4,largecap,4/17/2019,27.057446,0.052986897,27.81273362,
VALE4,largecap,4/18/2019,27.127129,0.05569873,27.755109,
VALE4,largecap,4/22/2019,26.848391,0.044851163,27.68435786,
VALE4,largecap,4/23/2019,27.61492,0.074681953,27.6674911,
VALE4,largecap,4/24/2019,27.774199,0.080880568,27.65957314,
VALE4,largecap,4/25/2019,26.370556,0.026255395,27.6140432,
VALE4,largecap,4/26/2019,26.320782,0.024318354,27.56791528,
VALE4,largecap,4/29/2019,27.276453,0.06150993,27.52698956,
VALE4,largecap,4/30/2019,27.624874,0.07506933,27.50257134,
VALE4,largecap,5/2/2019,26.022133,0.012695916,27.43059736,
VALE4,largecap,5/3/2019,24.807634,-0.034568394,27.34585976,
VALE4,largecap,5/6/2019,24.837502,-0.03340603,27.25019316,
VALE4,largecap,5/7/2019,25.295424,-0.01558521,27.1845517,
VALE4,largecap,5/8/2019,25.584118,-0.004350188,27.1302486,
VALE4,largecap,5/9/2019,25.235697,-0.017909589,27.06758594,
VALE4,largecap,5/10/2019,24.708084,-0.038442553,26.99556338,
VALE4,largecap,5/13/2019,24.996778,-0.027207531,26.92474394,
VALE4,largecap,5/14/2019,24.787724,-0.035343226,26.86126978,
VALE4,largecap,5/15/2019,23.623001,-0.080670418,26.76158362,
VALE4,largecap,5/16/2019,24.270069,-0.055488658,26.68338426,
VALE4,largecap,5/17/2019,24.598581,-0.04270405,26.61533234,
VALE4,largecap,5/20/2019,24.638401,-0.041154386,26.56536636,
VALE4,largecap,5/21/2019,23.84201,-0.072147308,26.51397994,
VALE4,largecap,5/22/2019,24.021196,-0.065173977,26.48028716,
VALE4,largecap,5/23/2019,23.991331,-0.066336225,26.433477,
VALE4,largecap,5/24/2019,23.025705,-0.103915216,26.35880888,
VALE4,largecap,5/27/2019,22.010305,-0.143431248,26.26045434,
VALE4,largecap,5/28/2019,22.289043,-0.132583681,26.16787368,
VALE4,largecap,5/29/2019,21.801252,-0.151566904,26.0766867,
VALE4,largecap,5/30/2019,21.562334,-0.160864807,25.94806922,
VALE4,largecap,5/31/2019,20.974993,-0.183722189,25.80690856,
VALE4,largecap,6/3/2019,20.755987,-0.192245183,25.65718668,
VALE4,largecap,6/4/2019,21.124317,-0.17791099,25.52418904,
VALE4,largecap,6/5/2019,21.223866,-0.17403687,25.41846792,
VALE4,largecap,6/6/2019,20.487204,-0.202705334,25.29801356,
VALE4,largecap,6/7/2019,20.676348,-0.195344471,25.17835556,
VALE4,largecap,6/10/2019,20.755987,-0.192245183,25.06964798,
VALE4,largecap,6/11/2019,20.885399,-0.187208893,24.95974576,
VALE4,largecap,6/12/2019,21.203957,-0.174811663,24.85342734,
VALE4,largecap,6/13/2019,20.447386,-0.20425492,24.72003158,
VALE4,largecap,6/14/2019,20.676905,-0.195322795,24.59281898,
VALE4,largecap,6/17/2019,19.958403,-0.223284532,24.44924538,
VALE4,largecap,6/18/2019,20.297697,-0.210080324,24.31006848,
VALE4,largecap,6/19/2019,20.597071,-0.198429672,24.16055296,
VALE4,largecap,6/21/2019,20.766718,-0.191827568,24.01204122,
VALE4,largecap,6/24/2019,21.674826,-0.156486988,23.8874655,
VALE4,largecap,6/25/2019,21.275658,-0.172021295,23.74196506,
VALE4,largecap,6/26/2019,21.225761,-0.173963123,23.58252528,
VALE4,largecap,6/27/2019,21.195824,-0.175128172,23.47146492,
VALE4,largecap,6/28/2019,21.535116,-0.161924042,23.3540499,
VALE4,largecap,7/1/2019,21.385429,-0.167749369,23.24060956,
VALE4,largecap,7/2/2019,22.183765,-0.136680755,23.14174228,
VALE4,largecap,7/3/2019,22.183765,-0.136680755,23.04844976,
VALE4,largecap,7/4/2019,21.724722,-0.1545452,22.9306458,
VALE4,largecap,7/5/2019,21.734701,-0.15415685,22.80985584,
VALE4,largecap,7/8/2019,21.894369,-0.147943096,22.7203321,
VALE4,largecap,7/10/2019,21.784597,-0.152215062,22.6296084,
VALE4,largecap,7/11/2019,21.475243,-0.164254103,22.5135842,
VALE4,largecap,7/12/2019,22.044056,-0.14211777,22.40196784,
VALE4,largecap,7/15/2019,21.974203,-0.144836219,22.32100924,
VALE4,largecap,7/16/2019,21.894369,-0.147943096,22.26274394,
VALE4,largecap,7/17/2019,21.455284,-0.165030841,22.19509958,
VALE4,largecap,7/18/2019,21.285637,-0.171632945,22.11490384,
VALE4,largecap,7/19/2019,20.746761,-0.192604229,22.0181567,
VALE4,largecap,7/22/2019,20.696863,-0.194546095,21.92738002,
VALE4,largecap,7/23/2019,20.946344,-0.184837114,21.85214522,
VALE4,largecap,7/24/2019,21.205803,-0.174739822,21.77632572,
VALE4,largecap,7/25/2019,21.794577,-0.151826673,21.71646278,
VALE4,largecap,7/26/2019,21.984182,-0.144447869,21.6836864,
VALE4,largecap,7/29/2019,21.405388,-0.16697263,21.62639278,
VALE4,largecap,7/30/2019,21.674826,-0.156486988,21.56791768,
VALE4,largecap,7/31/2019,20.63699,-0.196876155,21.48788946,
VALE4,largecap,8/1/2019,22.972122,-0.10600049,21.4704917,
VALE4,largecap,8/2/2019,23.770458,-0.074931876,21.46547694,
VALE4,largecap,8/5/2019,22.39333,-0.128525173,21.43351692,
VALE4,largecap,8/6/2019,22.044056,-0.14211777,21.41388394,
VALE4,largecap,8/7/2019,21.694784,-0.155710288,21.40757352,
VALE4,largecap,8/8/2019,21.265678,-0.172409684,21.38710622,
VALE4,largecap,8/9/2019,20.547176,-0.200371421,21.3620247,
VALE4,largecap,8/12/2019,20.796656,-0.190662479,21.34671114,
VALE4,largecap,8/13/2019,20.038237,-0.220177655,21.32797602,
VALE4,largecap,8/14/2019,20.138029,-0.216294078,21.31561686,
VALE4,largecap,8/15/2019,20.337612,-0.208526963,21.29988276,
VALE4,largecap,8/16/2019,18.701023,-0.27221763,21.2494259,
VALE4,largecap,8/19/2019,18.241982,-0.290081998,21.20452146,
VALE4,largecap,8/20/2019,18.601231,-0.276101207,21.16301912,
VALE4,largecap,8/21/2019,19.269838,-0.250081219,21.13329614,
VALE4,largecap,8/22/2019,18.840733,-0.266780576,21.09240282,
VALE4,largecap,8/23/2019,19.040316,-0.259013461,21.04913,
VALE4,largecap,8/26/2019,19.279818,-0.24969283,21.02577864,
VALE4,largecap,8/27/2019,18.671085,-0.273382719,20.98566224,
VALE4,largecap,8/28/2019,18.64115,-0.27454769,20.95931718,
VALE4,largecap,8/29/2019,18.421606,-0.283091622,20.92179536,
VALE4,largecap,8/30/2019,19.130129,-0.255518234,20.89245652,
VALE4,largecap,9/2/2019,20.058195,-0.219400955,20.87828606,
VALE4,largecap,9/3/2019,20.387508,-0.206585175,20.8525397,
VALE4,largecap,9/4/2019,20.577114,-0.199206333,20.83856882,
VALE4,largecap,9/5/2019,20.646969,-0.196487805,20.82699298,
VALE4,largecap,9/6/2019,21.954243,-0.145612997,20.84216136,
VALE4,largecap,9/9/2019,22.12389,-0.139010893,20.85393684,
VALE4,largecap,9/10/2019,23.910166,-0.0694949,20.90443158,
VALE4,largecap,9/11/2019,23.690624,-0.078038753,20.93456876,
VALE4,largecap,9/12/2019,23.990002,-0.066387945,20.9706935,
VALE4,largecap,9/13/2019,23.1,-0.101023899,20.99819906,
VALE4,largecap,9/16/2019,22.809999,-0.112309785,21.01970502,
VALE4,largecap,9/17/2019,23.389999,-0.089738091,21.04961762,
VALE4,largecap,9/18/2019,22.65,-0.11853642,21.06692568,
VALE4,largecap,9/19/2019,22.940001,-0.107250534,21.09622084,
VALE4,largecap,9/20/2019,22.889999,-0.109196448,21.1131397,
VALE4,largecap,9/23/2019,22.559999,-0.122038963,21.12485562,
VALE4,largecap,9/24/2019,22.690001,-0.116979713,21.14076826,
VALE4,largecap,9/25/2019,21.559999,-0.160955678,21.14286256,
VALE4,largecap,9/26/2019,22.280001,-0.132935566,21.16274984,
VALE4,largecap,9/27/2019,22.07,-0.141108115,21.18921462,
VALE4,largecap,9/30/2019,22.040001,-0.142275577,21.21607738,
VALE4,largecap,10/1/2019,21.200001,-0.174965617,21.22115052,
VALE4,largecap,10/2/2019,20.860001,-0.1881973,21.21423448,
VALE4,largecap,10/3/2019,20.469999,-0.203374896,21.18774292,
VALE4,largecap,10/4/2019,20.92,-0.185862336,21.16645928,
VALE4,largecap,10/7/2019,21.040001,-0.181192291,21.15915154,
VALE4,largecap,10/8/2019,20.690001,-0.194813141,21.13945504,
VALE4,largecap,10/9/2019,20.280001,-0.210768994,21.13231526,
VALE4,largecap,10/10/2019,20.190001,-0.214271499,21.07667284,
VALE4,largecap,10/11/2019,20.68,-0.195202347,21.01486368,
VALE4,largecap,10/14/2019,21.18,-0.17574399,20.99059708,
VALE4,largecap,10/15/2019,21.09,-0.179246495,20.97151596,
VALE4,largecap,10/16/2019,21.209999,-0.174576528,20.96182026,
VALE4,largecap,10/17/2019,21.01,-0.182359832,20.9567067,24.24392705
VALE4,largecap,10/18/2019,20.540001,-0.200650649,20.9565632,24.21814756
VALE4,largecap,10/21/2019,20.110001,-0.217384836,20.9428301,24.19101299
VALE4,largecap,10/22/2019,20.76,-0.19208901,20.95726536,24.16201109
VALE4,largecap,10/23/2019,21.540001,-0.161733934,20.9853048,24.13194093
VALE4,largecap,10/24/2019,21.639999,-0.157842341,21.01135254,24.10122806
VALE4,largecap,10/25/2019,20.73,-0.193256512,21.05193208,24.06392819
VALE4,largecap,10/28/2019,20.85,-0.188586506,21.10409244,24.0252907
VALE4,largecap,10/29/2019,20.959999,-0.184305706,21.1512678,23.98546431
ABEV4,largecap,1/2/2019,16.15, -   ,,
ABEV4,largecap,1/3/2019,16.33,0.011,,
ABEV4,largecap,1/4/2019,16.549999,0.025,,
ABEV4,largecap,1/7/2019,16.48,0.02,,
ABEV4,largecap,1/8/2019,16.15, -   ,,
ABEV4,largecap,1/9/2019,16.379999,0.014,,
ABEV4,largecap,1/10/2019,16.85,0.043,,
ABEV4,largecap,1/11/2019,17.290001,0.071,,
ABEV4,largecap,1/14/2019,17.540001,0.086,,
ABEV4,largecap,1/15/2019,17.700001,0.096,,
ABEV4,largecap,1/16/2019,17.799999,0.102,,
ABEV4,largecap,1/17/2019,17.85,0.105,,
ABEV4,largecap,1/18/2019,18,0.115,,
ABEV4,largecap,1/21/2019,18,0.115,,
ABEV4,largecap,1/22/2019,17.540001,0.086,,
ABEV4,largecap,1/23/2019,17.18,0.064,,
ABEV4,largecap,1/24/2019,17.16,0.063,,
ABEV4,largecap,1/28/2019,17.950001,0.111,,
ABEV4,largecap,1/29/2019,17.870001,0.107,,
ABEV4,largecap,1/30/2019,17.969999,0.113,,
ABEV4,largecap,1/31/2019,17.51,0.084,,
ABEV4,largecap,2/1/2019,18.110001,0.121,,
ABEV4,largecap,2/4/2019,18.450001,0.142,,
ABEV4,largecap,2/5/2019,18.639999,0.154,,
ABEV4,largecap,2/6/2019,18.09,0.12,,
ABEV4,largecap,2/7/2019,18.75,0.161,,
ABEV4,largecap,2/8/2019,18.219999,0.128,,
ABEV4,largecap,2/11/2019,18.709999,0.159,,
ABEV4,largecap,2/12/2019,18.67,0.156,,
ABEV4,largecap,2/13/2019,18.389999,0.139,,
ABEV4,largecap,2/14/2019,18.59,0.151,,
ABEV4,largecap,2/15/2019,18.49,0.145,,
ABEV4,largecap,2/18/2019,18.190001,0.126,,
ABEV4,largecap,2/19/2019,18.32,0.134,,
ABEV4,largecap,2/20/2019,18.15,0.124,,
ABEV4,largecap,2/21/2019,18.32,0.134,,
ABEV4,largecap,2/22/2019,18.32,0.134,,
ABEV4,largecap,2/25/2019,18.389999,0.139,,
ABEV4,largecap,2/26/2019,18.49,0.145,,
ABEV4,largecap,2/27/2019,18.360001,0.137,,
ABEV4,largecap,2/28/2019,17.23,0.067,,
ABEV4,largecap,3/1/2019,16.76,0.038,,
ABEV4,largecap,3/6/2019,16.370001,0.014,,
ABEV4,largecap,3/7/2019,16.690001,0.033,,
ABEV4,largecap,3/8/2019,16.59,0.027,,
ABEV4,largecap,3/11/2019,17.110001,0.059,,
ABEV4,largecap,3/12/2019,17,0.053,,
ABEV4,largecap,3/13/2019,16.9,0.046,,
ABEV4,largecap,3/14/2019,16.66,0.032,,
ABEV4,largecap,3/15/2019,16.76,0.038,17.59940008,
ABEV4,largecap,3/18/2019,17.309999,0.072,17.62260006,
ABEV4,largecap,3/19/2019,17.190001,0.064,17.63980008,
ABEV4,largecap,3/20/2019,17,0.053,17.6488001,
ABEV4,largecap,3/21/2019,16.98,0.051,17.6588001,
ABEV4,largecap,3/22/2019,16.719999,0.035,17.67020008,
ABEV4,largecap,3/25/2019,16.52,0.023,17.6730001,
ABEV4,largecap,3/26/2019,16.99,0.052,17.6758001,
ABEV4,largecap,3/27/2019,16.540001,0.024,17.6608001,
ABEV4,largecap,3/28/2019,16.75,0.037,17.64500008,
ABEV4,largecap,3/29/2019,16.83,0.042,17.62760006,
ABEV4,largecap,4/1/2019,16.82,0.041,17.60800008,
ABEV4,largecap,4/2/2019,16.77,0.038,17.58640008,
ABEV4,largecap,4/3/2019,16.84,0.043,17.56320008,
ABEV4,largecap,4/4/2019,17.32,0.072,17.54960008,
ABEV4,largecap,4/5/2019,17.440001,0.08,17.54760008,
ABEV4,largecap,4/8/2019,17.35,0.074,17.55100008,
ABEV4,largecap,4/9/2019,17.690001,0.095,17.5616001,
ABEV4,largecap,4/10/2019,17.549999,0.087,17.55360006,
ABEV4,largecap,4/11/2019,17.25,0.068,17.54120004,
ABEV4,largecap,4/12/2019,17.059999,0.056,17.52300004,
ABEV4,largecap,4/15/2019,17.42,0.079,17.52120004,
ABEV4,largecap,4/16/2019,17.530001,0.085,17.50960004,
ABEV4,largecap,4/17/2019,17.049999,0.056,17.4816,
ABEV4,largecap,4/18/2019,17.08,0.058,17.45040002,
ABEV4,largecap,4/22/2019,17.5,0.084,17.43860002,
ABEV4,largecap,4/23/2019,17.67,0.094,17.41700002,
ABEV4,largecap,4/24/2019,17.719999,0.097,17.40700002,
ABEV4,largecap,4/25/2019,18.309999,0.134,17.39900002,
ABEV4,largecap,4/26/2019,18.290001,0.133,17.39140004,
ABEV4,largecap,4/29/2019,18.35,0.136,17.39060006,
ABEV4,largecap,4/30/2019,18.469999,0.144,17.38820004,
ABEV4,largecap,5/2/2019,17.950001,0.111,17.37740006,
ABEV4,largecap,5/3/2019,17.92,0.11,17.37200004,
ABEV4,largecap,5/6/2019,18.059999,0.118,17.36680002,
ABEV4,largecap,5/7/2019,17.65,0.093,17.35680002,
ABEV4,largecap,5/8/2019,17.92,0.11,17.34880002,
ABEV4,largecap,5/9/2019,17.49,0.083,17.33220002,
ABEV4,largecap,5/10/2019,17.299999,0.071,17.31040002,
ABEV4,largecap,5/13/2019,17.01,0.053,17.28080002,
ABEV4,largecap,5/14/2019,16.940001,0.049,17.25240002,
ABEV4,largecap,5/15/2019,16.610001,0.028,17.24000004,
ABEV4,largecap,5/16/2019,16.639999,0.03,17.23760002,
ABEV4,largecap,5/17/2019,16.49,0.021,17.24,
ABEV4,largecap,5/20/2019,16.49,0.021,17.23599998,
ABEV4,largecap,5/21/2019,17.09,0.058,17.24599998,
ABEV4,largecap,5/22/2019,17.209999,0.066,17.24799994,
ABEV4,largecap,5/23/2019,17.209999,0.066,17.25219992,
ABEV4,largecap,5/24/2019,17.059999,0.056,17.2553999,
ABEV4,largecap,5/27/2019,17.219999,0.066,17.26659988,
ABEV4,largecap,5/28/2019,17.309999,0.072,17.27759986,
ABEV4,largecap,5/29/2019,17.26,0.069,17.27659988,
ABEV4,largecap,5/30/2019,17.43,0.079,17.28139986,
ABEV4,largecap,5/31/2019,17.549999,0.087,17.29239984,
ABEV4,largecap,6/3/2019,17.42,0.079,17.30119984,
ABEV4,largecap,6/4/2019,17.35,0.074,17.31379986,
ABEV4,largecap,6/5/2019,17.41,0.078,17.33159986,
ABEV4,largecap,6/6/2019,17.639999,0.092,17.34459984,
ABEV4,largecap,6/7/2019,17.610001,0.09,17.36599984,
ABEV4,largecap,6/10/2019,17.65,0.093,17.38399984,
ABEV4,largecap,6/11/2019,17.719999,0.097,17.40179982,
ABEV4,largecap,6/12/2019,17.68,0.095,17.41899982,
ABEV4,largecap,6/13/2019,17.85,0.105,17.44059982,
ABEV4,largecap,6/14/2019,17.639999,0.092,17.4565998,
ABEV4,largecap,6/17/2019,17.799999,0.102,17.46619978,
ABEV4,largecap,6/18/2019,18.049999,0.118,17.47839974,
ABEV4,largecap,6/19/2019,18.200001,0.127,17.49539976,
ABEV4,largecap,6/21/2019,18.450001,0.142,17.51059976,
ABEV4,largecap,6/24/2019,18.299999,0.133,17.52559976,
ABEV4,largecap,6/25/2019,18.17,0.125,17.54399976,
ABEV4,largecap,6/26/2019,18.1,0.121,17.56479978,
ABEV4,largecap,6/27/2019,18.049999,0.118,17.57739976,
ABEV4,largecap,6/28/2019,17.889999,0.108,17.58459972,
ABEV4,largecap,7/1/2019,17.809999,0.103,17.59979972,
ABEV4,largecap,7/2/2019,18.129999,0.123,17.6207997,
ABEV4,largecap,7/3/2019,18.84,0.167,17.6475997,
ABEV4,largecap,7/4/2019,19,0.176,17.6741997,
ABEV4,largecap,7/5/2019,19,0.176,17.69979972,
ABEV4,largecap,7/8/2019,18.940001,0.173,17.71239976,
ABEV4,largecap,7/10/2019,19.02,0.178,17.72699974,
ABEV4,largecap,7/11/2019,18.690001,0.157,17.73379976,
ABEV4,largecap,7/12/2019,18.200001,0.127,17.7283998,
ABEV4,largecap,7/15/2019,18.25,0.13,17.73439978,
ABEV4,largecap,7/16/2019,18.1,0.121,17.73799978,
ABEV4,largecap,7/17/2019,17.99,0.114,17.7365998,
ABEV4,largecap,7/18/2019,18.25,0.13,17.7485998,
ABEV4,largecap,7/19/2019,18.09,0.12,17.7519998,
ABEV4,largecap,7/22/2019,17.99,0.114,17.7619998,
ABEV4,largecap,7/23/2019,18.030001,0.116,17.77659984,
ABEV4,largecap,7/24/2019,17.959999,0.112,17.79559982,
ABEV4,largecap,7/25/2019,19.49,0.207,17.8465998,
ABEV4,largecap,7/26/2019,19.799999,0.226,17.91039976,
ABEV4,largecap,7/29/2019,20.5,0.269,17.98759978,
ABEV4,largecap,7/30/2019,20.34,0.259,18.06459978,
ABEV4,largecap,7/31/2019,20.129999,0.246,18.13739976,
ABEV4,largecap,8/1/2019,20.42,0.264,18.20399976,
ABEV4,largecap,8/2/2019,20.49,0.269,18.26959978,
ABEV4,largecap,8/5/2019,20.16,0.248,18.3285998,
ABEV4,largecap,8/6/2019,20.48,0.268,18.39699982,
ABEV4,largecap,8/7/2019,20.629999,0.277,18.46519982,
ABEV4,largecap,8/8/2019,20.17,0.249,18.52239984,
ABEV4,largecap,8/9/2019,20.07,0.243,18.57859984,
ABEV4,largecap,8/12/2019,19.48,0.206,18.61959984,
ABEV4,largecap,8/13/2019,19.379999,0.2,18.65619984,
ABEV4,largecap,8/14/2019,19.01,0.177,18.68799984,
ABEV4,largecap,8/15/2019,18.780001,0.163,18.71659986,
ABEV4,largecap,8/16/2019,18.9,0.17,18.74639986,
ABEV4,largecap,8/19/2019,19.110001,0.183,18.7757999,
ABEV4,largecap,8/20/2019,18.940001,0.173,18.8023999,
ABEV4,largecap,8/21/2019,18.799999,0.164,18.82539988,
ABEV4,largecap,8/22/2019,18.469999,0.144,18.84039988,
ABEV4,largecap,8/23/2019,18.33,0.135,18.85339988,
ABEV4,largecap,8/26/2019,18.09,0.12,18.85819988,
ABEV4,largecap,8/27/2019,18.17,0.125,18.8687999,
ABEV4,largecap,8/28/2019,18.15,0.124,18.87579992,
ABEV4,largecap,8/29/2019,18.549999,0.149,18.88579992,
ABEV4,largecap,8/30/2019,18.719999,0.159,18.89619988,
ABEV4,largecap,9/2/2019,18.379999,0.138,18.89479984,
ABEV4,largecap,9/3/2019,18.52,0.147,18.89919986,
ABEV4,largecap,9/4/2019,18.799999,0.164,18.91179984,
ABEV4,largecap,9/5/2019,18.690001,0.157,18.92359986,
ABEV4,largecap,9/6/2019,18.719999,0.159,18.93699986,
ABEV4,largecap,9/9/2019,18.870001,0.168,18.9565999,
ABEV4,largecap,9/10/2019,18.82,0.165,18.97679992,
ABEV4,largecap,9/11/2019,18.91,0.171,18.99239994,
ABEV4,largecap,9/12/2019,19.370001,0.199,19.00299996,
ABEV4,largecap,9/13/2019,19.1,0.183,19.00499996,
ABEV4,largecap,9/16/2019,19.15,0.186,19.00799996,
ABEV4,largecap,9/17/2019,19.43,0.203,19.01779994,
ABEV4,largecap,9/18/2019,19.26,0.193,19.02259994,
ABEV4,largecap,9/19/2019,19.35,0.198,19.03579992,
ABEV4,largecap,9/20/2019,19.389999,0.201,19.05959988,
ABEV4,largecap,9/23/2019,19.41,0.202,19.08279988,
ABEV4,largecap,9/24/2019,19.35,0.198,19.10779988,
ABEV4,largecap,9/25/2019,19.6,0.214,19.13999988,
ABEV4,largecap,9/26/2019,19.530001,0.209,19.1655999,
ABEV4,largecap,9/27/2019,19.450001,0.204,19.19279992,
ABEV4,largecap,9/30/2019,19.25,0.192,19.21799992,
ABEV4,largecap,10/1/2019,19.309999,0.196,19.24359988,
ABEV4,largecap,10/2/2019,18.860001,0.168,19.26159992,
ABEV4,largecap,10/3/2019,18.58,0.15,19.24339992,
ABEV4,largecap,10/4/2019,19.209999,0.189,19.23159992,
ABEV4,largecap,10/7/2019,18.870001,0.168,19.19899994,
ABEV4,largecap,10/8/2019,18.6,0.152,19.16419994,
ABEV4,largecap,10/9/2019,18.67,0.156,19.13499996,
ABEV4,largecap,10/10/2019,18.42,0.141,19.09499996,
ABEV4,largecap,10/11/2019,18.58,0.15,19.05679996,
ABEV4,largecap,10/14/2019,18.719999,0.159,19.02799994,
ABEV4,largecap,10/15/2019,18.889999,0.17,18.99619992,
ABEV4,largecap,10/16/2019,18.889999,0.17,18.96139992,
ABEV4,largecap,10/17/2019,18.77,0.162,18.93339992,18.08319993
ABEV4,largecap,10/18/2019,18.67,0.156,18.90539992,18.09579993
ABEV4,largecap,10/21/2019,18.99,0.176,18.89559992,18.10909993
ABEV4,largecap,10/22/2019,18.77,0.162,18.88339994,18.12019993
ABEV4,largecap,10/23/2019,18.68,0.157,18.87679994,18.13119993
ABEV4,largecap,10/24/2019,19.190001,0.188,18.88499994,18.14639994
ABEV4,largecap,10/25/2019,17.6,0.09,18.85899994,18.15249994
ABEV4,largecap,10/28/2019,17.540001,0.086,18.82759994,18.15594995
ABEV4,largecap,10/29/2019,17.58,0.089,18.80039992,18.15739994
